ID,Date_Shift,Pipe Size_Calculated,Date_Shift_Supervisor,Date_Shift_Supervisor_Helper,Production Supervisor,Input Date,Input Shift,Trolley no,Loading Time,Lava Temp,Homo Temp,TK Temp,Furnace Num,Temp Eject,Air time,Pipe Size,Size_actual,WT,Prod Rej,Prod Qty,Prod wt,Hour Cycle,Date for Output,Shift,QC Supervisor,QC Time,Accepted Pipes,Rejected Pipes,Check,Cavity,Cracks,R cracks,Ovality,Others,Accepted Wt,Rejected Wt,% R,Status
d4788fb1,46108_l,489x500x20,135c2adb,27-03-2026_l_Khalate H.S.,Khalate H.S.,27-03-2026,l,21,18:50:00,,1210,815,F2,,34,asd636462,489,48,,3,144,-0.2647685185,27-03-2026,,,12:28:44,3,0,Ok,,,,,,144,0,0.00%,Inside Tunnel
60f1c0be,46108_l,436x500x20,135c2adb,27-03-2026_l_Khalate H.S.,Khalate H.S.,27-03-2026,l,21,06:50:00,,1210,815,F2,,32,asd221530,436,43,,6,258,0.2365393519,27-03-2026,,,12:30:37,6,0,Ok,,,,,,258,0,0.00%,Inside Tunnel
5b80bf09,46108_l,336x500x20,135c2adb,27-03-2026_l_Khalate H.S.,Khalate H.S.,27-03-2026,l,21,06:50:00,,1210,815,F2,,32,asd961942,336,34,,1,34,0.2386226852,27-03-2026,,,12:33:37,1,0,Ok,,,,,,34,0,0.00%,Inside Tunnel
77285a73,46108_l,253x500x20,135c2adb,27-03-2026_l_Khalate H.S.,Khalate H.S.,27-03-2026,l,21,06:50:00,,1210,815,F2,,32,asd666794,253,26,,3,78,0.2390509259,27-03-2026,,,12:34:14,3,0,Ok,,,,,,78,0,0.00%,Inside Tunnel
f0774003,46108_l,250x350x50,135c2adb,27-03-2026_l_Khalate H.S.,Khalate H.S.,27-03-2026,l,21,06:50:00,,1210,815,F2,,32,asd685787,250,15,,2,30,0.239375,27-03-2026,,,12:34:42,2,0,Ok,,,,,,30,0,0.00%,Inside Tunnel
74503094,46108_l,386x500x20,135c2adb,27-03-2026_l_Khalate H.S.,Khalate H.S.,27-03-2026,l,21,06:50:00,,,,F2,,,asd143430,386,38,,2,76,0.2426157407,27-03-2026,,,12:39:22,2,0,Ok,,,,,,76,0,0.00%,Inside Tunnel
0936c4a7,46108_l,489x500x20,135c2adb,27-03-2026_l_Khalate H.S.,Khalate H.S.,27-03-2026,l,22,19:45:00,1069,1210,815,F2,785,34,asd636462,489,48,,3,144,-0.2947685185,27-03-2026,,,12:40:32,3,0,Ok,,,,,,144,0,0.00%,Inside Tunnel
c6f9ce74,46108_l,436x500x20,135c2adb,27-03-2026_l_Khalate H.S.,Khalate H.S.,27-03-2026,l,22,19:45:00,,1210,815,F2,,32,asd221530,436,43,,3,129,-0.2928819444,27-03-2026,,,12:43:15,3,0,Ok,,,,,,129,0,0.00%,Inside Tunnel
a8cd1880,46108_l,386x500x20,135c2adb,27-03-2026_l_Khalate H.S.,Khalate H.S.,27-03-2026,l,22,19:45:00,,1210,815,F2,,32,asd143430,386,38,,2,76,-0.2924652778,27-03-2026,,,12:43:51,2,0,Ok,,,,,,76,0,0.00%,Inside Tunnel
a2decc6d,46108_l,336x500x20,135c2adb,27-03-2026_l_Khalate H.S.,Khalate H.S.,27-03-2026,l,22,19:45:00,,1210,815,F2,,32,asd961942,336,34,,2,68,-0.2922106481,27-03-2026,,,12:44:13,2,0,Ok,,,,,,68,0,0.00%,Inside Tunnel
517c15ce,46108_l,253x500x20,135c2adb,27-03-2026_l_Khalate H.S.,Khalate H.S.,27-03-2026,l,22,19:45:00,,1210,815,F2,,32,asd666794,253,26,,2,52,-0.2919791667,27-03-2026,,,12:44:33,2,0,Ok,,,,,,52,0,0.00%,Inside Tunnel
9f1090e1,46108_l,550x350x50,135c2adb,27-03-2026_l_Khalate H.S.,Khalate H.S.,27-03-2026,l,22,19:45:00,,1210,815,F2,,32,asd534811,550,32,,1,32,-0.2918402778,27-03-2026,,,12:44:45,1,0,Ok,,,,,,32,0,0.00%,Inside Tunnel
3333ffdc,46108_l,489x500x20,135c2adb,27-03-2026_l_Khalate H.S.,Khalate H.S.,27-03-2026,l,23,08:35:00,,1210,815,F2,,32,asd636462,489,48,,4,192,0.1737731481,27-03-2026,,,12:45:14,4,0,Ok,,,,,,192,0,0.00%,Inside Tunnel
9b2dae4a,46108_l,436x500x20,135c2adb,27-03-2026_l_Khalate H.S.,Khalate H.S.,27-03-2026,l,23,08:35:00,,1210,815,F2,,32,asd221530,436,43,,9,387,0.1741782407,27-03-2026,,,12:45:49,9,0,Ok,,,,,,387,0,0.00%,Inside Tunnel
8cf9429d,46108_l,386x500x20,135c2adb,27-03-2026_l_Khalate H.S.,Khalate H.S.,27-03-2026,l,23,08:35:00,,1210,815,F2,,32,asd143430,386,38,,4,152,0.1744097222,27-03-2026,,,12:46:09,4,0,Ok,,,,,,152,0,0.00%,Inside Tunnel
b8c9747a,46108_l,336x500x20,135c2adb,27-03-2026_l_Khalate H.S.,Khalate H.S.,27-03-2026,l,23,08:35:00,,1210,815,F2,,32,asd961942,336,34,,4,136,0.1746759259,27-03-2026,,,12:46:32,4,0,Ok,,,,,,136,0,0.00%,Inside Tunnel
a097ae81,46108_l,253x500x20,135c2adb,27-03-2026_l_Khalate H.S.,Khalate H.S.,27-03-2026,l,23,08:35:00,,1210,815,F2,,32,asd666794,253,26,,7,182,0.1748842593,27-03-2026,,,12:46:50,7,0,Ok,,,,,,182,0,0.00%,Inside Tunnel
34f5f494,46108_l,550x350x50,135c2adb,27-03-2026_l_Khalate H.S.,Khalate H.S.,27-03-2026,l,23,08:35:00,,1210,815,F2,,32,asd534811,550,32,,2,64,0.1750810185,27-03-2026,,,12:47:07,2,0,Ok,,,,,,64,0,0.00%,Inside Tunnel
f2bbe90f,46108_l,250x350x50,135c2adb,27-03-2026_l_Khalate H.S.,Khalate H.S.,27-03-2026,l,23,08:35:00,,1210,815,F2,,32,asd685787,250,15,,2,30,0.1757291667,27-03-2026,,,12:48:03,2,0,Ok,,,,,,30,0,0.00%,Inside Tunnel
4ae18b37,46108_l,489x500x20,135c2adb,27-03-2026_l_Khalate H.S.,Khalate H.S.,27-03-2026,l,24,09:30:00,,1210,815,F2,,32,asd636462,489,48,,4,192,0.1379282407,27-03-2026,,,12:48:37,4,0,Ok,,,,,,192,0,0.00%,Inside Tunnel
0f481223,46108_l,436x500x20,135c2adb,27-03-2026_l_Khalate H.S.,Khalate H.S.,27-03-2026,l,24,09:30:00,,1210,815,F2,,32,asd221530,436,43,,9,387,0.1384375,27-03-2026,,,12:49:21,9,0,Ok,,,,,,387,0,0.00%,Inside Tunnel
6ce0b387,46108_l,386x500x20,135c2adb,27-03-2026_l_Khalate H.S.,Khalate H.S.,27-03-2026,l,24,09:30:00,,1210,815,F2,,32,asd143430,386,38,,3,114,0.1386458333,27-03-2026,,,12:49:39,3,0,Ok,,,,,,114,0,0.00%,Inside Tunnel
cc3f4cfd,46108_l,336x500x20,135c2adb,27-03-2026_l_Khalate H.S.,Khalate H.S.,27-03-2026,l,24,09:30:00,,1210,815,F2,,32,asd961942,336,34,,3,102,0.1388773148,27-03-2026,,,12:49:59,3,0,Ok,,,,,,102,0,0.00%,Inside Tunnel
385617a8,46108_l,253x500x20,135c2adb,27-03-2026_l_Khalate H.S.,Khalate H.S.,27-03-2026,l,24,09:30:00,,1210,815,F2,,32,asd666794,253,26,,6,156,0.1392476852,27-03-2026,,,12:50:31,6,0,Ok,,,,,,156,0,0.00%,Inside Tunnel
27e7958f,46108_l,550x350x50,135c2adb,27-03-2026_l_Khalate H.S.,Khalate H.S.,27-03-2026,l,24,09:30:00,,1210,815,F2,,32,asd534811,550,32,,2,64,0.1393981481,27-03-2026,,,12:50:44,2,0,Ok,,,,,,64,0,0.00%,Inside Tunnel
52534189,46108_l,250x350x50,135c2adb,27-03-2026_l_Khalate H.S.,Khalate H.S.,27-03-2026,l,24,09:30:00,,1210,815,F2,,32,asd685787,250,15,,2,30,0.1396180556,27-03-2026,,,12:51:03,2,0,Ok,,,,,,30,0,0.00%,Inside Tunnel
70658344,46108_l,489x500x20,135c2adb,27-03-2026_l_Khalate H.S.,Khalate H.S.,27-03-2026,l,25,10:25:00,,1210,815,F2,,34,asd636462,489,48,,5,240,0.1015972222,27-03-2026,,,12:51:18,5,0,Ok,,,,,,240,0,0.00%,Inside Tunnel
9672fa16,46108_l,436x500x20,135c2adb,27-03-2026_l_Khalate H.S.,Khalate H.S.,27-03-2026,l,25,10:25:00,,1210,815,F2,,34,asd221530,436,43,,8,344,0.1020717593,27-03-2026,,,12:51:59,8,0,Ok,,,,,,344,0,0.00%,Inside Tunnel
922737ce,46108_l,386x500x20,135c2adb,27-03-2026_l_Khalate H.S.,Khalate H.S.,27-03-2026,l,25,10:25:00,,1210,815,F2,,34,asd143430,386,38,,4,152,0.1022685185,27-03-2026,,,12:52:16,4,0,Ok,,,,,,152,0,0.00%,Inside Tunnel
7db6612a,46108_l,336x500x20,135c2adb,27-03-2026_l_Khalate H.S.,Khalate H.S.,27-03-2026,l,25,10:25:00,,1210,815,F2,,34,asd961942,336,34,,4,136,0.1025694444,27-03-2026,,,12:52:42,4,0,Ok,,,,,,136,0,0.00%,Inside Tunnel
5a9e75c3,46108_l,253x500x20,135c2adb,27-03-2026_l_Khalate H.S.,Khalate H.S.,27-03-2026,l,25,10:25:00,,1210,815,F2,,34,asd666794,253,26,,7,182,0.1027430556,27-03-2026,,,12:52:57,7,0,Ok,,,,,,182,0,0.00%,Inside Tunnel
3fd5ca2e,46108_l,550x350x50,135c2adb,27-03-2026_l_Khalate H.S.,Khalate H.S.,27-03-2026,l,25,10:25:00,,1210,815,F2,,34,asd534811,550,32,,2,64,0.1029282407,27-03-2026,,,12:53:13,2,0,Ok,,,,,,64,0,0.00%,Inside Tunnel
96990642,46108_l,250x350x50,135c2adb,27-03-2026_l_Khalate H.S.,Khalate H.S.,27-03-2026,l,25,10:25:00,,1210,815,F2,,34,asd685787,250,15,,1,15,0.1031018518,27-03-2026,,,12:53:28,1,0,Ok,,,,,,15,0,0.00%,Inside Tunnel
79b4129e,46108_l,489x500x20,135c2adb,27-03-2026_l_Khalate H.S.,Khalate H.S.,27-03-2026,l,26,10:25:00,,1210,815,F2,,34,asd636462,489,48,,2,96,0.1033101852,27-03-2026,,,12:53:46,2,0,Ok,,,,,,96,0,0.00%,Inside Tunnel
2b1bb6ac,46108_l,436x500x20,135c2adb,27-03-2026_l_Khalate H.S.,Khalate H.S.,27-03-2026,l,26,11:15:00,,1210,815,F2,,34,asd221530,436,43,,3,129,0.0687962963,27-03-2026,,,12:54:04,3,0,Ok,,,,,,129,0,0.00%,Inside Tunnel
1d21f6fe,46108_l,386x500x20,135c2adb,27-03-2026_l_Khalate H.S.,Khalate H.S.,27-03-2026,l,26,11:15:00,,1210,815,F2,,34,asd143430,386,38,,1,38,0.06923611111,27-03-2026,,,12:54:42,1,0,Ok,,,,,,38,0,0.00%,Inside Tunnel
81aa1f4e,46108_l,336x500x20,135c2adb,27-03-2026_l_Khalate H.S.,Khalate H.S.,27-03-2026,l,26,11:15:00,,1210,815,F2,,34,asd961942,336,34,,1,34,0.0694212963,27-03-2026,,,12:54:58,1,0,Ok,,,,,,34,0,0.00%,Inside Tunnel
b42172e1,46108_l,253x500x20,135c2adb,27-03-2026_l_Khalate H.S.,Khalate H.S.,27-03-2026,l,26,11:15:00,,1210,815,F2,,34,asd666794,253,26,,2,52,0.06960648148,27-03-2026,,,12:55:14,2,0,Ok,,,,,,52,0,0.00%,Inside Tunnel
0217a0f8,46108_l,550x350x50,135c2adb,27-03-2026_l_Khalate H.S.,Khalate H.S.,27-03-2026,l,26,11:15:00,,1210,815,F2,,34,asd534811,550,32,,1,32,0.06980324074,27-03-2026,,,12:55:31,1,0,Ok,,,,,,32,0,0.00%,Inside Tunnel
21dc153b,46108_l,489x500x20,135c2adb,27-03-2026_l_Khalate H.S.,Khalate H.S.,27-03-2026,l,27,12:10:00,,1210,810,F2,,34,asd636462,489,48,,4,192,0.03195601852,27-03-2026,,,12:56:01,4,0,Ok,,,,,,192,0,0.00%,Inside Tunnel
6c6ab3d0,46108_l,436x500x20,135c2adb,27-03-2026_l_Khalate H.S.,Khalate H.S.,27-03-2026,l,27,12:10:00,,1210,810,F2,,34,asd221530,436,43,,8,344,0.03303240741,27-03-2026,,,12:57:34,8,0,Ok,,,,,,344,0,0.00%,Inside Tunnel
6193f10a,46108_l,386x500x20,135c2adb,27-03-2026_l_Khalate H.S.,Khalate H.S.,27-03-2026,l,27,12:10:00,,1210,810,F2,,34,asd143430,386,38,,4,152,0.03337962963,27-03-2026,,,12:58:04,4,0,Ok,,,,,,152,0,0.00%,Inside Tunnel
2ca7b471,46108_l,336x500x20,135c2adb,27-03-2026_l_Khalate H.S.,Khalate H.S.,27-03-2026,l,27,12:10:00,,1210,810,F2,,34,asd961942,336,34,,4,136,0.03358796296,27-03-2026,,,12:58:22,4,0,Ok,,,,,,136,0,0.00%,Inside Tunnel
32695f92,46108_l,253x500x20,135c2adb,27-03-2026_l_Khalate H.S.,Khalate H.S.,27-03-2026,l,27,12:10:00,,1210,810,F2,,34,asd666794,253,26,,8,208,0.03376157407,27-03-2026,,,12:58:37,8,0,Ok,,,,,,208,0,0.00%,Inside Tunnel
f826bf34,46108_l,550x350x50,135c2adb,27-03-2026_l_Khalate H.S.,Khalate H.S.,27-03-2026,l,27,12:10:00,,1210,810,F2,,34,asd534811,550,32,,1,32,0.03394675926,27-03-2026,,,12:58:53,1,0,Ok,,,,,,32,0,0.00%,Inside Tunnel
c6dbedb9,46108_l,250x350x50,135c2adb,27-03-2026_l_Khalate H.S.,Khalate H.S.,27-03-2026,l,27,12:10:00,,1210,810,F2,,34,asd685787,250,15,,1,15,0.0341550926,27-03-2026,,,12:59:11,1,0,Ok,,,,,,15,0,0.00%,Inside Tunnel
b5334c17,46082_l,436x500x20,63b5c001,01-03-2026_l_Biradar H.K.,Biradar H.K.,01-03-2026,l,46,07:10:00,,1190,775,F1,,32,asd221530,436,43,,5,215,1.286956019,02-03-2026,lll,Jadhav S.S.,14:03:13,2,3,Ok,,2,1,,,86,129,60.00%,QC Checked
110cb3b8,46082_l,386x500x20,63b5c001,01-03-2026_l_Biradar H.K.,Biradar H.K.,01-03-2026,l,46,07:10:00,,1190,775,F1,,32,asd143430,386,38,,5,190,1.288020833,02-03-2026,lll,,14:04:45,5,0,Ok,0,,,,,190,0,0.00%,QC Checked
c083544a,46082_l,336x500x20,63b5c001,01-03-2026_l_Biradar H.K.,Biradar H.K.,01-03-2026,l,46,07:10:00,,1190,775,F1,,32,asd961942,336,34,,10,340,1.288240741,02-03-2026,lll,,14:05:04,8,2,Ok,,2,,,,272,68,20.00%,QC Checked
70d0e249,46082_l,253x500x20,63b5c001,01-03-2026_l_Biradar H.K.,Biradar H.K.,01-03-2026,l,46,07:10:00,,1190,775,F1,,32,5fc89043,253,26,,5,130,1.288414352,02-03-2026,lll,,14:05:19,3,2,Ok,,2,,,,78,52,40.00%,QC Checked
b63eea50,46082_l,153x500x20,63b5c001,01-03-2026_l_Biradar H.K.,Biradar H.K.,01-03-2026,l,46,07:10:00,,1190,775,F1,,32,asd259143,153,16,,5,80,1.288657407,02-03-2026,lll,,14:05:40,4,1,Ok,,1,,,,64,16,20.00%,QC Checked
0299217e,46082_l,550x350x50,63b5c001,01-03-2026_l_Biradar H.K.,Biradar H.K.,01-03-2026,l,46,07:10:00,,1190,775,F1,,32,asd534811,550,32,,1,32,1.288877315,02-03-2026,lll,,14:05:59,1,0,Ok,0,,,,,32,0,0.00%,QC Checked
8d4baaea,46082_l,436x500x20,63b5c001,01-03-2026_l_Biradar H.K.,Biradar H.K.,01-03-2026,l,47,08:10:00,,1190,775,F1,,32,asd221530,436,43,,3,129,1.24806713,02-03-2026,lll,Jadhav S.S.,14:07:13,2,1,Ok,,1,,,,86,43,33.33%,QC Checked
e634ce1d,46082_l,386x500x20,63b5c001,01-03-2026_l_Biradar H.K.,Biradar H.K.,01-03-2026,l,47,08:10:00,,1190,775,F1,,32,asd143430,386,38,,3,114,1.249467593,02-03-2026,lll,,14:09:14,3,0,Ok,0,,,,,114,0,0.00%,QC Checked
cd2e400d,46082_l,336x500x20,63b5c001,01-03-2026_l_Biradar H.K.,Biradar H.K.,01-03-2026,l,47,08:10:00,,1190,775,F1,,32,asd961942,336,34,,6,204,1.250243056,02-03-2026,lll,,14:10:21,6,0,Ok,0,,,,,204,0,0.00%,QC Checked
7d45f261,46082_l,253x500x20,63b5c001,01-03-2026_l_Biradar H.K.,Biradar H.K.,01-03-2026,l,47,08:10:00,,1190,775,F1,,32,asd666794,253,26,,3,78,1.251342593,02-03-2026,lll,,14:11:56,2,1,Ok,0,,,,1,52,26,33.33%,QC Checked
af5eeb9f,46082_l,153x500x20,63b5c001,01-03-2026_l_Biradar H.K.,Biradar H.K.,01-03-2026,l,47,08:10:00,,1190,775,F1,,32,asd259143,153,16,,3,48,1.252777778,02-03-2026,lll,,14:14:00,2,1,Ok,,1,,,,32,16,33.33%,QC Checked
40cc5269,46082_l,550x350x50,63b5c001,01-03-2026_l_Biradar H.K.,Biradar H.K.,01-03-2026,l,47,08:10:00,,1190,775,F1,,32,asd534811,550,32,,1,32,1.253287037,02-03-2026,lll,,14:14:44,0,1,Ok,,,,,1,0,32,100.00%,QC Checked
3db15cc6,46082_l,436x500x20,63b5c001,01-03-2026_l_Biradar H.K.,Biradar H.K.,01-03-2026,l,48,09:10:00,,1190,775,F1,,32,asd221530,436,43,,5,215,0.2119791667,01-03-2026,l,,14:15:15,1,4,Ok,,3,1,,,43,172,80.00%,QC Checked
563ce864,46082_l,386x500x20,63b5c001,01-03-2026_l_Biradar H.K.,Biradar H.K.,01-03-2026,l,48,09:10:00,1136,1190,775,F1,,32,asd143430,386,38,,5,190,1.214872685,02-03-2026,l,,14:19:25,5,0,Ok,0,0,0,,,190,0,0.00%,QC Checked
48d0dcdf,46082_l,336x500x20,63b5c001,01-03-2026_l_Biradar H.K.,Biradar H.K.,01-03-2026,l,48,09:10:00,1136,1190,775,F1,,32,asd961942,336,34,,10,340,1.216215278,02-03-2026,l,,14:21:21,7,3,Ok,,2,1,,,238,102,30.00%,QC Checked
a04a3744,46082_l,253x500x20,63b5c001,01-03-2026_l_Biradar H.K.,Biradar H.K.,01-03-2026,l,48,09:10:00,1136,1190,775,F1,,32,asd666794,253,26,,5,130,1.216585648,02-03-2026,l,,14:21:53,5,0,Ok,0,,,,,130,0,0.00%,QC Checked
a75c121e,46082_l,153x500x20,63b5c001,01-03-2026_l_Biradar H.K.,Biradar H.K.,01-03-2026,l,48,09:10:00,1136,1190,775,F1,,32,asd259143,153,16,,5,80,1.216944444,02-03-2026,l,,14:22:24,5,0,Ok,0,,,,,80,0,0.00%,QC Checked
40cf4346,46082_l,550x350x50,63b5c001,01-03-2026_l_Biradar H.K.,Biradar H.K.,01-03-2026,l,48,09:10:00,1136,1190,775,F1,,32,asd534811,550,32,,2,64,1.217974537,02-03-2026,l,,14:23:53,2,0,Ok,0,,,,,64,0,0.00%,QC Checked
f6736c7c,46082_l,436x500x20,63b5c001,01-03-2026_l_Biradar H.K.,Biradar H.K.,01-03-2026,l,49,10:10:00,,1190,775,F1,,32,asd221530,436,43,,3,129,26.1772338,27-03-2026,,,14:25:13,3,0,Ok,,,,,,129,0,0.00%,Inside Tunnel
339c306f,46082_l,386x500x20,63b5c001,01-03-2026_l_Biradar H.K.,Biradar H.K.,01-03-2026,l,49,10:10:00,,1190,775,F1,,32,asd143430,386,38,,3,114,26.17815972,27-03-2026,,,14:26:33,3,0,Ok,,,,,,114,0,0.00%,Inside Tunnel
36f8f505,46108_l,489x500x20,135c2adb,27-03-2026_l_Khalate H.S.,Khalate H.S.,27-03-2026,l,28,13:05:00,,1210,810,F2,,34,asd636462,489,48,,4,192,0.05630787037,27-03-2026,,,14:26:05,4,0,Ok,,,,,,192,0,0.00%,Inside Tunnel
9e2eb12a,46108_l,436x500x20,135c2adb,27-03-2026_l_Khalate H.S.,Khalate H.S.,27-03-2026,l,28,13:05:00,,1210,810,F2,,34,asd221530,436,43,,7,301,0.05707175926,27-03-2026,,,14:27:11,7,0,Ok,,,,,,301,0,0.00%,Inside Tunnel
46eeaf9a,46082_l,336x500x20,63b5c001,01-03-2026_l_Biradar H.K.,Biradar H.K.,01-03-2026,l,49,10:10:00,,1190,775,F1,,32,asd961942,336,34,,6,204,26.17849537,27-03-2026,,,14:27:02,6,0,Ok,,,,,,204,0,0.00%,Inside Tunnel
869ba9a8,46108_l,386x500x20,135c2adb,27-03-2026_l_Khalate H.S.,Khalate H.S.,27-03-2026,l,28,13:05:00,,1210,810,F2,,34,asd143430,386,38,,4,152,0.05732638889,27-03-2026,,,14:27:33,4,0,Ok,,,,,,152,0,0.00%,Inside Tunnel
29aa3b1f,46108_l,336x500x20,135c2adb,27-03-2026_l_Khalate H.S.,Khalate H.S.,27-03-2026,l,28,13:05:00,,1210,810,F2,,34,asd961942,336,34,,4,136,0.05751157407,27-03-2026,,,14:27:49,4,0,Ok,,,,,,136,0,0.00%,Inside Tunnel
77203c73,46082_l,253x500x20,63b5c001,01-03-2026_l_Biradar H.K.,Biradar H.K.,01-03-2026,l,49,10:10:00,,1190,775,F1,,32,asd666794,253,26,,3,78,26.17895833,27-03-2026,,,14:27:42,3,0,Ok,,,,,,78,0,0.00%,Inside Tunnel
2f19c81d,46108_l,253x500x20,135c2adb,27-03-2026_l_Khalate H.S.,Khalate H.S.,27-03-2026,l,28,13:05:00,,1210,810,F2,,34,asd666794,253,26,,8,208,0.05769675926,27-03-2026,,,14:28:05,8,0,Ok,,,,,,208,0,0.00%,Inside Tunnel
7778a5a0,46108_l,550x350x50,135c2adb,27-03-2026_l_Khalate H.S.,Khalate H.S.,27-03-2026,l,28,13:05:00,,1210,810,F2,,34,asd534811,550,32,,2,64,0.05787037037,27-03-2026,,,14:28:20,2,0,Ok,,,,,,64,0,0.00%,Inside Tunnel
6ddb077d,46108_l,250x350x50,135c2adb,27-03-2026_l_Khalate H.S.,Khalate H.S.,27-03-2026,l,28,13:05:00,,1210,810,F2,,34,asd685787,250,15,,1,15,0.05802083333,27-03-2026,,,14:28:33,1,0,Ok,,,,,,15,0,0.00%,Inside Tunnel
6cfbe7b3,46082_l,153x500x20,63b5c001,01-03-2026_l_Biradar H.K.,Biradar H.K.,01-03-2026,l,49,10:10:00,,1190,775,F1,,32,asd259143,153,16,,3,48,26.18081019,27-03-2026,,,14:30:22,3,0,Ok,,,,,,48,0,0.00%,Inside Tunnel
9b329902,46082_l,436x500x20,63b5c001,01-03-2026_l_Biradar H.K.,Biradar H.K.,01-03-2026,l,50,11:10:00,,1190,775,F1,,32,asd221530,436,43,,3,129,26.14012731,27-03-2026,,,14:31:47,3,0,Ok,,,,,,129,0,0.00%,Inside Tunnel
40e5e619,46082_l,386x500x20,63b5c001,01-03-2026_l_Biradar H.K.,Biradar H.K.,01-03-2026,l,50,11:10:00,,1190,775,F1,,32,asd143430,386,38,,3,114,26.1412037,27-03-2026,,,14:33:20,3,0,Ok,,,,,,114,0,0.00%,Inside Tunnel
e0fe65be,46082_l,336x500x20,63b5c001,01-03-2026_l_Biradar H.K.,Biradar H.K.,01-03-2026,l,50,11:10:00,,1190,775,F1,,32,asd961942,336,34,,6,204,26.14152778,27-03-2026,,,14:33:48,6,0,Ok,,,,,,204,0,0.00%,Inside Tunnel
3e58494c,46082_l,253x500x20,63b5c001,01-03-2026_l_Biradar H.K.,Biradar H.K.,01-03-2026,l,50,11:10:00,,1190,775,F1,,32,asd666794,253,26,,3,78,26.14174769,27-03-2026,,,14:34:07,3,0,Ok,,,,,,78,0,0.00%,Inside Tunnel
3db119e1,46082_l,153x500x20,63b5c001,01-03-2026_l_Biradar H.K.,Biradar H.K.,01-03-2026,l,50,11:10:00,,1190,775,F1,,32,asd259143,153,16,,2,32,26.14195602,27-03-2026,,,14:34:25,2,0,Ok,,,,,,32,0,0.00%,Inside Tunnel
49b0a480,46082_l,550x350x50,63b5c001,01-03-2026_l_Biradar H.K.,Biradar H.K.,01-03-2026,l,50,11:10:00,,1190,775,F1,,32,asd534811,550,32,,2,64,26.14237269,27-03-2026,,,14:35:01,2,0,Ok,,,,,,64,0,0.00%,Inside Tunnel
abd5b3f5,46082_l,436x500x20,63b5c001,01-03-2026_l_Biradar H.K.,Biradar H.K.,01-03-2026,l,51,12:10:00,,1190,775,F1,,32,asd221530,436,43,,5,215,26.10298611,27-03-2026,,,14:38:18,5,0,Ok,,,,,,215,0,0.00%,Inside Tunnel
c9977b17,46082_l,386x500x20,63b5c001,01-03-2026_l_Biradar H.K.,Biradar H.K.,01-03-2026,l,51,12:10:00,,1190,775,F1,,32,asd143430,386,38,,4,152,26.10380787,27-03-2026,,,14:39:29,4,0,Ok,,,,,,152,0,0.00%,Inside Tunnel
a036b51a,46082_l,336x500x20,63b5c001,01-03-2026_l_Biradar H.K.,Biradar H.K.,01-03-2026,l,51,12:10:00,,1190,775,F1,,32,asd961942,336,34,,10,340,26.10412037,27-03-2026,,,14:39:56,10,0,Ok,,,,,,340,0,0.00%,Inside Tunnel
80f3c114,46082_l,253x500x20,63b5c001,01-03-2026_l_Biradar H.K.,Biradar H.K.,01-03-2026,l,51,12:10:00,,1190,775,F1,,32,asd666794,253,26,,5,130,26.10430556,27-03-2026,,,14:40:12,5,0,Ok,,,,,,130,0,0.00%,Inside Tunnel
407c7c79,46082_l,153x500x20,63b5c001,01-03-2026_l_Biradar H.K.,Biradar H.K.,01-03-2026,l,51,12:10:00,,1190,775,F1,,32,asd259143,153,16,,5,80,26.10456019,27-03-2026,,,14:40:34,5,0,Ok,,,,,,80,0,0.00%,Inside Tunnel
ba9bc471,46082_l,550x350x50,63b5c001,01-03-2026_l_Biradar H.K.,Biradar H.K.,01-03-2026,l,51,12:10:00,,1190,775,F1,,32,asd534811,550,32,,2,64,26.10472222,27-03-2026,,,14:40:48,2,0,Ok,,,,,,64,0,0.00%,Inside Tunnel
35ca2004,46082_l,436x500x20,63b5c001,01-03-2026_l_Biradar H.K.,Biradar H.K.,01-03-2026,l,1,13:10:00,,1190,775,F1,,32,asd221530,436,43,,5,215,26.06322917,27-03-2026,,,14:41:03,5,0,Ok,,,,,,215,0,0.00%,Inside Tunnel
977a391d,46082_l,386x500x20,63b5c001,01-03-2026_l_Biradar H.K.,Biradar H.K.,01-03-2026,l,1,13:10:00,,1190,775,F1,,32,asd143430,386,38,,4,152,26.06377315,27-03-2026,,,14:41:50,4,0,Ok,,,,,,152,0,0.00%,Inside Tunnel
a6a3da30,46082_l,336x500x20,63b5c001,01-03-2026_l_Biradar H.K.,Biradar H.K.,01-03-2026,l,1,13:10:00,,1190,775,F1,,32,asd961942,336,34,,10,340,26.06399306,27-03-2026,,,14:42:09,10,0,Ok,,,,,,340,0,0.00%,Inside Tunnel
79b5fae2,46082_l,253x500x20,63b5c001,01-03-2026_l_Biradar H.K.,Biradar H.K.,01-03-2026,l,1,13:10:00,,1190,775,F1,,32,asd666794,253,26,,5,130,26.06415509,27-03-2026,,,14:42:23,5,0,Ok,,,,,,130,0,0.00%,Inside Tunnel
b76504b9,46082_l,153x500x20,63b5c001,01-03-2026_l_Biradar H.K.,Biradar H.K.,01-03-2026,l,1,13:10:00,,1190,775,F1,,32,asd259143,153,16,,5,80,26.06436343,27-03-2026,,,14:42:41,5,0,Ok,,,,,,80,0,0.00%,Inside Tunnel
2f528098,46082_l,550x350x50,63b5c001,01-03-2026_l_Biradar H.K.,Biradar H.K.,01-03-2026,l,1,13:10:00,,1190,775,F1,,32,asd534811,550,32,,2,64,26.06453704,27-03-2026,,,14:42:56,2,0,Ok,,,,,,64,0,0.00%,Inside Tunnel
d957e97b,46082_l,436x500x20,63b5c001,01-03-2026_l_Biradar H.K.,Biradar H.K.,01-03-2026,l,2,14:10:00,,1190,775,F1,,32,asd221530,436,43,,2,86,26.0230787,27-03-2026,,,14:43:14,2,0,Ok,,,,,,86,0,0.00%,Inside Tunnel
582c22ca,46082_l,386x500x20,63b5c001,01-03-2026_l_Biradar H.K.,Biradar H.K.,01-03-2026,l,2,14:10:00,,1190,775,F1,,32,asd143430,386,38,,1,38,26.02359954,27-03-2026,,,14:43:59,1,0,Ok,,,,,,38,0,0.00%,Inside Tunnel
13a528aa,46082_l,336x500x20,63b5c001,01-03-2026_l_Biradar H.K.,Biradar H.K.,01-03-2026,l,2,14:10:00,,1190,775,F1,,32,asd961942,336,34,,4,136,26.02385417,27-03-2026,,,14:44:21,4,0,Ok,,,,,,136,0,0.00%,Inside Tunnel
c04eb81c,46082_l,253x500x20,63b5c001,01-03-2026_l_Biradar H.K.,Biradar H.K.,01-03-2026,l,2,14:10:00,,1190,775,F1,,32,asd666794,253,26,,2,52,26.02405093,27-03-2026,,,14:44:38,2,0,Ok,,,,,,52,0,0.00%,Inside Tunnel
469c0716,46082_l,153x500x20,63b5c001,01-03-2026_l_Biradar H.K.,Biradar H.K.,01-03-2026,l,2,14:10:00,,1190,775,F1,,32,asd259143,153,16,,1,16,26.02423611,27-03-2026,,,14:44:54,1,0,Ok,,,,,,16,0,0.00%,Inside Tunnel
30dbcd77,46082_l, x x ,63b5c001,01-03-2026_l_Biradar H.K.,Biradar H.K.,01-03-2026,l,2,14:10:00,,1190,775,F1,,32,,#N/A,0,,,0,26.02440972,27-03-2026,,,14:45:09,0,0,Ok,,,,,,0,0,0.00%,Inside Tunnel
35121b8d,46108_l,436x500x20,135c2adb,27-03-2026_l_Khalate H.S.,Khalate H.S.,27-03-2026,l,29,14:00:00,,1210,810,F2,,34,asd221530,436,43,,10,430,0.04696759259,27-03-2026,,,15:07:38,10,0,Ok,,,,,,430,0,0.00%,Inside Tunnel
9767cf0d,46108_l,386x500x20,135c2adb,27-03-2026_l_Khalate H.S.,Khalate H.S.,27-03-2026,l,29,14:00:00,,1210,810,F2,,34,asd143430,386,38,,5,190,0.04717592592,27-03-2026,,,15:07:56,5,0,Ok,,,,,,190,0,0.00%,Inside Tunnel
ff9e63e4,46108_l,336x500x20,135c2adb,27-03-2026_l_Khalate H.S.,Khalate H.S.,27-03-2026,l,29,14:00:00,,1210,810,F2,,34,asd961942,336,34,,3,102,0.04732638889,27-03-2026,,,15:08:09,3,0,Ok,,,,,,102,0,0.00%,Inside Tunnel
3338d153,46108_l,253x500x20,135c2adb,27-03-2026_l_Khalate H.S.,Khalate H.S.,27-03-2026,l,29,14:00:00,,1210,810,F2,,34,5fc89043,253,26,,6,156,0.04748842592,27-03-2026,,,15:08:23,6,0,Ok,,,,,,156,0,0.00%,Inside Tunnel
ce776982,46108_l,550x350x50,135c2adb,27-03-2026_l_Khalate H.S.,Khalate H.S.,27-03-2026,l,29,14:00:00,,1210,810,F2,,34,asd534811,550,32,,1,32,0.04768518519,27-03-2026,,,15:08:40,1,0,Ok,,,,,,32,0,0.00%,Inside Tunnel
e10c0d8c,46082_ll,436x500x20,bc5fa36f,#N/A,,01-03-2026,ll,3,15:10:00,1090,1190,775,F1,805,32,asd221530,436,43,,5,215,26.00982639,27-03-2026,,,15:24:09,5,0,Ok,,,,,,215,0,0.00%,Inside Tunnel
5f098370,46082_ll,436x500x20,bbca8068,#N/A,,01-03-2026,ll,3,15:10:00,,1190,775,F1,,34,asd221530,436,43,,5,215,26.03644676,27-03-2026,,,16:02:29,5,0,Ok,,,,,,215,0,0.00%,Inside Tunnel
5cf51e6c,46082_ll,386x500x20,bbca8068,#N/A,,01-03-2026,ll,3,15:10:00,,1190,775,F1,,34,asd143430,386,38,,4,152,26.03731481,27-03-2026,,,16:03:44,4,0,Ok,,,,,,152,0,0.00%,Inside Tunnel
4a1d8992,46082_ll,336x500x20,bbca8068,#N/A,,01-03-2026,ll,3,15:10:00,,1190,775,F1,,34,asd961942,336,34,,10,340,26.03755787,27-03-2026,,,16:04:05,10,0,Ok,,,,,,340,0,0.00%,Inside Tunnel
f537ad72,46082_ll,253x500x20,bbca8068,#N/A,,01-03-2026,ll,3,15:10:00,,1190,775,F1,,34,asd666794,253,26,,5,130,26.0377662,27-03-2026,,,16:04:23,5,0,Ok,,,,,,130,0,0.00%,Inside Tunnel
02a4e5cb,46082_ll,153x500x20,bbca8068,#N/A,,01-03-2026,ll,3,15:10:00,,1190,775,F1,,34,asd259143,153,16,,5,80,26.03796296,27-03-2026,,,16:04:40,5,0,Ok,,,,,,80,0,0.00%,Inside Tunnel
ca04bc97,46082_ll,550x350x50,bbca8068,#N/A,,01-03-2026,ll,3,15:10:00,,1190,775,F1,,34,asd534811,550,32,,2,64,26.03813657,27-03-2026,,,16:04:55,2,0,Ok,,,,,,64,0,0.00%,Inside Tunnel
bca4b197,46082_ll,436x500x20,bbca8068,#N/A,,01-03-2026,ll,4,16:10:00,,1190,775,F1,,34,asd221530,436,43,,4,172,25.99663194,27-03-2026,,,16:05:09,4,0,Ok,,,,,,172,0,0.00%,Inside Tunnel
71142013,46082_ll,386x500x20,bbca8068,#N/A,,01-03-2026,ll,4,16:10:00,,1190,775,F1,,34,asd143430,386,38,,4,152,25.99710648,27-03-2026,,,16:05:50,4,0,Ok,,,,,,152,0,0.00%,Inside Tunnel
1714da16,46082_ll,336x500x20,bbca8068,#N/A,,01-03-2026,ll,4,16:10:00,,1190,775,F1,,34,asd961942,336,34,,8,272,25.99731481,27-03-2026,,,16:06:08,8,0,Ok,,,,,,272,0,0.00%,Inside Tunnel
92376722,46082_ll,253x500x20,bbca8068,#N/A,,01-03-2026,ll,4,16:10:00,,1190,775,F1,,34,asd666794,253,26,,4,104,25.99747685,27-03-2026,,,16:06:22,4,0,Ok,,,,,,104,0,0.00%,Inside Tunnel
433dd7a9,46082_ll,153x500x20,bbca8068,#N/A,,01-03-2026,ll,4,16:10:00,,1190,775,F1,,34,asd259143,153,16,,3,48,25.99765046,27-03-2026,,,16:06:37,3,0,Ok,,,,,,48,0,0.00%,Inside Tunnel
2ada715f,46082_ll,550x350x50,bbca8068,#N/A,,01-03-2026,ll,4,16:10:00,,1190,775,F1,,34,asd534811,550,32,,1,32,25.9978125,27-03-2026,,,16:06:51,1,0,Ok,,,,,,32,0,0.00%,Inside Tunnel
3e402da1,46082_ll,436x500x20,bbca8068,#N/A,,01-03-2026,ll,5,17:10:00,,1190,775,F1,,34,asd221530,436,43,,3,129,25.95630787,27-03-2026,,,16:07:05,3,0,Ok,,,,,,129,0,0.00%,Inside Tunnel
899bf9c1,46082_ll,386x500x20,bbca8068,#N/A,,01-03-2026,ll,5,17:10:00,,1190,775,F1,,34,asd143430,386,38,,3,114,25.95701389,27-03-2026,,,16:08:06,3,0,Ok,,,,,,114,0,0.00%,Inside Tunnel
ae0ccb05,46082_ll,336x500x20,bbca8068,#N/A,,01-03-2026,ll,5,16:10:00,,1190,775,F1,,34,asd961942,336,34,,6,204,26.00047454,27-03-2026,,,16:10:41,6,0,Ok,,,,,,204,0,0.00%,Inside Tunnel
abceb98c,46082_ll,253x500x20,bbca8068,#N/A,,01-03-2026,ll,5,16:10:00,,1190,775,F1,,34,asd666794,253,26,,3,78,26.00097222,27-03-2026,,,16:11:24,3,0,Ok,,,,,,78,0,0.00%,Inside Tunnel
b19ddb5b,46082_ll,153x500x20,bbca8068,#N/A,,01-03-2026,ll,5,16:10:00,,1190,775,F1,,34,asd259143,153,16,,3,48,26.00118056,27-03-2026,,,16:11:42,3,0,Ok,,,,,,48,0,0.00%,Inside Tunnel
2dac3775,46082_ll,550x350x50,bbca8068,#N/A,,01-03-2026,ll,5,16:10:00,,1190,775,F1,,34,asd534811,550,32,,1,32,26.00134259,27-03-2026,,,16:11:56,1,0,Ok,,,,,,32,0,0.00%,Inside Tunnel
98d11afa,46082_ll,436x500x20,bbca8068,#N/A,,01-03-2026,ll,6,18:10:00,,1190,775,F1,,34,asd221530,436,43,,4,172,25.92384259,27-03-2026,,,16:20:20,4,0,Ok,,,,,,172,0,0.00%,Inside Tunnel
4f1e9f17,46082_ll,386x500x20,bbca8068,#N/A,,01-03-2026,ll,6,18:10:00,,1190,775,F1,,34,asd143430,386,38,,4,152,25.92460648,27-03-2026,,,16:21:26,4,0,Ok,,,,,,152,0,0.00%,Inside Tunnel
7e13da62,46082_ll,336x500x20,bbca8068,#N/A,,01-03-2026,ll,6,18:10:00,,1190,775,F1,,34,asd961942,336,34,,8,272,25.92488426,27-03-2026,,,16:21:50,8,0,Ok,,,,,,272,0,0.00%,Inside Tunnel
a8d351be,46082_ll,253x500x20,bbca8068,#N/A,,01-03-2026,ll,6,18:10:00,,1190,775,F1,,34,asd666794,253,26,,4,104,25.92508102,27-03-2026,,,16:22:07,4,0,Ok,,,,,,104,0,0.00%,Inside Tunnel
0037130e,46082_ll,153x500x20,bbca8068,#N/A,,01-03-2026,ll,6,18:10:00,,1190,775,F1,,34,asd259143,153,16,,3,48,25.9252662,27-03-2026,,,16:22:23,3,0,Ok,,,,,,48,0,0.00%,Inside Tunnel
93e67a74,46082_ll,550x350x50,bbca8068,#N/A,,01-03-2026,ll,6,18:10:00,,1190,775,F1,,34,asd534811,550,32,,2,64,25.92542824,27-03-2026,,,16:22:37,2,0,Ok,,,,,,64,0,0.00%,Inside Tunnel
8614215a,46082_ll,436x500x20,bbca8068,#N/A,,01-03-2026,ll,7,19:10:00,,1190,775,F1,,34,asd221530,436,43,,5,215,25.88542824,27-03-2026,,,16:25:01,5,0,Ok,,,,,,215,0,0.00%,Inside Tunnel
494211ea,46082_ll,386x500x20,bbca8068,#N/A,,01-03-2026,ll,7,19:10:00,,1190,775,F1,,34,asd143430,386,38,,5,190,25.88597222,27-03-2026,,,16:25:48,5,0,Ok,,,,,,190,0,0.00%,Inside Tunnel
4e662cdf,46082_ll,336x500x20,bbca8068,#N/A,,01-03-2026,ll,7,19:10:00,,1190,775,F1,,34,asd961942,336,34,,9,306,25.88643519,27-03-2026,,,16:26:28,9,0,Ok,,,,,,306,0,0.00%,Inside Tunnel
d34cd541,46082_ll,253x500x20,bbca8068,#N/A,,01-03-2026,ll,7,19:10:00,,1190,775,F1,,34,asd666794,253,26,,5,130,25.88668981,27-03-2026,,,16:26:50,5,0,Ok,,,,,,130,0,0.00%,Inside Tunnel
2ff34ac6,46082_ll,550x350x50,bbca8068,#N/A,,01-03-2026,ll,7,19:10:00,,1190,775,F1,,34,asd534811,550,32,,2,64,25.88693287,27-03-2026,,,16:27:11,2,0,Ok,,,,,,64,0,0.00%,Inside Tunnel
002e37f6,46082_ll,436x500x20,bbca8068,#N/A,,01-03-2026,ll,8,20:10:00,,1190,775,F1,,34,asd221530,436,43,,3,129,25.84612269,27-03-2026,,,16:28:25,3,0,Ok,,,,,,129,0,0.00%,Inside Tunnel
22e67e49,46082_ll,386x500x20,bbca8068,#N/A,,01-03-2026,ll,8,19:10:00,,1190,775,F1,,34,asd143430,386,38,,3,114,25.88849537,27-03-2026,,,16:29:26,3,0,Ok,,,,,,114,0,0.00%,Inside Tunnel
f005fe77,46082_ll,336x500x20,bbca8068,#N/A,,01-03-2026,ll,8,20:10:00,,1190,775,F1,,34,asd961942,336,34,,7,238,25.84711806,27-03-2026,,,16:29:51,7,0,Ok,,,,,,238,0,0.00%,Inside Tunnel
086b2198,46082_ll,253x500x20,bbca8068,#N/A,,01-03-2026,ll,8,20:10:00,,1190,775,F1,,34,asd666794,253,26,,3,78,25.84747685,27-03-2026,,,16:30:22,3,0,Ok,,,,,,78,0,0.00%,Inside Tunnel
df76f9ef,46082_ll,436x500x20,bbca8068,#N/A,,01-03-2026,ll,9,21:10:00,,1190,775,F1,,34,asd221530,436,43,,5,215,25.81131944,27-03-2026,,,16:38:18,5,0,Ok,,,,,,215,0,0.00%,Inside Tunnel
a5d5b5a8,46082_ll, x x ,bbca8068,#N/A,,01-03-2026,ll,9,21:10:00,,1190,775,F1,,34,,#N/A,0,,,0,25.8127662,27-03-2026,,,16:40:23,0,0,Ok,,,,,,0,0,0.00%,Inside Tunnel
bf506464,46082_ll,386x500x20,bbca8068,#N/A,,01-03-2026,ll,9,21:10:00,,1190,775,F1,,34,asd143430,386,38,,5,190,25.81292824,27-03-2026,,,16:40:37,5,0,Ok,,,,,,190,0,0.00%,Inside Tunnel
aa797031,46082_ll,336x500x20,bbca8068,#N/A,,01-03-2026,ll,9,21:10:00,,1190,775,F1,,34,asd961942,336,34,,10,340,25.81321759,27-03-2026,,,16:41:02,10,0,Ok,,,,,,340,0,0.00%,Inside Tunnel
90bbaf25,46082_ll,253x500x20,bbca8068,#N/A,,01-03-2026,ll,9,21:10:00,,1190,775,F1,,34,asd666794,253,26,,5,130,25.81344907,27-03-2026,,,16:41:22,5,0,Ok,,,,,,130,0,0.00%,Inside Tunnel
f5ca6b4f,46082_ll,550x350x50,bbca8068,#N/A,,01-03-2026,ll,9,21:10:00,,1190,775,F1,,34,asd534811,550,32,,2,64,25.81364583,27-03-2026,,,16:41:39,2,0,Ok,,,,,,64,0,0.00%,Inside Tunnel
7c2af673,46082_ll,436x500x20,bbca8068,#N/A,,01-03-2026,ll,10,22:10:00,,1190,775,F1,,34,asd221530,436,43,,5,215,25.77215278,27-03-2026,,,16:41:54,5,0,Ok,,,,,,215,0,0.00%,Inside Tunnel
313ae85e,46082_ll,386x500x20,bbca8068,#N/A,,01-03-2026,ll,10,22:10:00,,1190,775,F1,,34,asd143430,386,38,,5,190,25.77299769,27-03-2026,,,16:43:07,5,0,Ok,,,,,,190,0,0.00%,Inside Tunnel
,,,,,,,,,,,,,,,,,,,,,,,,,,,,,,,,,,,,,,
,,,,,,,,,,,,,,,,,,,,,,,,,,,,,,,,,,,,,,
a95a7260,46082_ll,336x500x20,bbca8068,#N/A,,01-03-2026,ll,10,22:10:00,,1190,775,F1,,34,asd961942,336,34,,10,340,25.77395833,27-03-2026,,,16:44:30,10,0,Ok,,,,,,340,0,0.00%,Inside Tunnel
d1f91245,46082_ll,253x500x20,bbca8068,#N/A,,01-03-2026,ll,10,22:10:00,,1190,775,F1,,34,asd666794,253,26,,5,130,25.77415509,27-03-2026,,,16:44:47,5,0,Ok,,,,,,130,0,0.00%,Inside Tunnel
,,,,,,,,,,,,,,,,,,,,,,,,,,,,,,,,,,,,,,
e808b608,46082_ll,550x350x50,bbca8068,#N/A,,01-03-2026,ll,10,22:10:00,,1190,775,F1,,34,asd534811,550,32,,2,64,25.77439815,27-03-2026,,,16:45:08,2,0,Ok,,,,,,64,0,0.00%,Inside Tunnel
de49c87c,46082_lll,436x500x20,cb679420,01-03-2026_lll_Bankar D.M.,Bankar D.M.,01-03-2026,lll,11,23:10:00,,1190,775,F1,,32,asd221530,436,43,,5,215,25.73621528,27-03-2026,,,16:50:09,5,0,Ok,,,,,,215,0,0.00%,Inside Tunnel
243ea607,46082_lll,386x500x20,cb679420,01-03-2026_lll_Bankar D.M.,Bankar D.M.,01-03-2026,lll,11,23:10:00,,1190,775,F1,,32,asd143430,386,38,,5,190,25.7372338,27-03-2026,,,16:51:37,5,0,Ok,,,,,,190,0,0.00%,Inside Tunnel
de97b33e,46082_lll,336x500x20,cb679420,01-03-2026_lll_Bankar D.M.,Bankar D.M.,01-03-2026,lll,11,23:10:00,,1190,775,F1,,32,asd961942,336,34,,10,340,25.73760417,27-03-2026,,,16:52:09,10,0,Ok,,,,,,340,0,0.00%,Inside Tunnel
,,,,,,,,,,,,,,,,,,,,,,,,,,,,,,,,,,,,,,
bbd9c98f,46082_lll,253x500x20,cb679420,01-03-2026_lll_Bankar D.M.,Bankar D.M.,01-03-2026,lll,11,23:10:00,,1190,775,F1,,32,asd666794,253,26,,5,130,25.73799769,27-03-2026,,,16:52:43,5,0,Ok,,,,,,130,0,0.00%,Inside Tunnel
ae3c7367,46082_lll,550x350x50,cb679420,01-03-2026_lll_Bankar D.M.,Bankar D.M.,01-03-2026,lll,11,23:10:00,,1190,775,F1,,32,asd534811,550,32,,2,64,25.74008102,27-03-2026,,,16:55:43,2,0,Ok,,,,,,64,0,0.00%,Inside Tunnel
18f7b210,46108_ll,489x500x20,0b126877,#N/A,,27-03-2026,ll,30,14:50:00,1160,,,F2,752,32,asd636462,489,48,,3,144,0.1097800926,27-03-2026,,,17:28:05,3,0,Ok,,,,,,144,0,0.00%,Inside Tunnel
b2c3afc7,46108_,436x500x20,0b126877,#N/A,,27-03-2026,,30,14:50:00,,,,F2,,30,asd221530,436,43,0,6,258,0.1111111111,27-03-2026,,,17:30:00,6,0,Ok,,,,,,258,0,0.00%,Inside Tunnel
440ae766,46108_,386x500x20,0b126877,#N/A,,27-03-2026,,30,14:50:00,,,,F2,,30,asd143430,386,38,0,3,114,0.1116087963,27-03-2026,,,17:30:43,3,0,Ok,,,,,,114,0,0.00%,Inside Tunnel
7354d498,46108_,336x500x20,0b126877,#N/A,,27-03-2026,,30,14:50:00,,,,F2,,30,asd961942,336,34,,3,102,0.1119444444,27-03-2026,,,17:31:12,3,0,Ok,,,,,,102,0,0.00%,Inside Tunnel
c08f1bf0,46108_ll,253x500x20,0b126877,#N/A,,27-03-2026,ll,30,14:50:00,,,,F2,,30,5fc89043,253,26,,6,156,0.1123263889,27-03-2026,,,17:31:45,6,0,Ok,,,,,,156,0,0.00%,Inside Tunnel
828b4d9e,46108_ll,550x350x50,0b126877,#N/A,,27-03-2026,ll,30,14:50:00,,,,F2,,30,asd534811,550,32,,2,64,0.1129050926,27-03-2026,,,17:32:35,2,0,Ok,,,,,,64,0,0.00%,Inside Tunnel
b20c9bdf,46108_ll,250x350x50,0b126877,#N/A,,27-03-2026,ll,30,14:50:00,,,,F2,,30,asd685787,250,15,,1,15,0.1148611111,27-03-2026,,,17:35:24,1,0,Ok,,,,,,15,0,0.00%,Inside Tunnel
9706d5a5,46108_ll,489x500x20,0b126877,#N/A,,27-03-2026,ll,31,15:39:00,1147,,,F2,743,30,asd636462,489,48,0,5,240,0.0834375,27-03-2026,,,17:39:09,5,0,Ok,,,,,,240,0,0.00%,Inside Tunnel
9c94c8e3,46108_,436x500x20,0b126877,#N/A,,27-03-2026,,31,15:40:00,,,,F2,,30,asd221530,436,43,0,8,344,0.0833912037,27-03-2026,,,17:40:05,8,0,Ok,,,,,,344,0,0.00%,Inside Tunnel
0b1edf43,46108_ll,386x500x20,0b126877,#N/A,,27-03-2026,ll,31,15:40:00,,,,F2,,30,asd143430,386,38,0,4,152,0.08378472222,27-03-2026,,,17:40:39,4,0,Ok,,,,,,152,0,0.00%,Inside Tunnel
159a8aae,46108_ll,336x500x20,0b126877,#N/A,,27-03-2026,ll,31,15:40:00,,,,F2,,30,asd961942,336,34,0,4,136,0.08417824074,27-03-2026,,,17:41:13,4,0,Ok,,,,,,136,0,0.00%,Inside Tunnel
3182ad70,46108_ll,253x500x20,0b126877,#N/A,,27-03-2026,ll,31,15:40:00,,,,F2,,32,5fc89043,253,26,0,8,208,0.08453703704,27-03-2026,,,17:41:44,8,0,Ok,,,,,,208,0,0.00%,Inside Tunnel
7b9b7011,46108_ll,550x350x50,0b126877,#N/A,,27-03-2026,ll,31,15:40:00,,,,F2,,30,asd534811,550,32,,2,64,0.08490740741,27-03-2026,,,17:42:16,2,0,Ok,,,,,,64,0,0.00%,Inside Tunnel
8acf33b8,46108_ll,250x350x50,0b126877,#N/A,,27-03-2026,ll,31,15:40:00,,,,F2,,30,asd685787,250,15,,2,30,0.08527777778,27-03-2026,,,17:42:48,2,0,Ok,,,,,,30,0,0.00%,Inside Tunnel
,,,,,,,,,,,,,,,,,,,,,,,,,,,,,,,,,,,,,,
,,,,,,,,,,,,,,,,,,,,,,,,,,,,,,,,,,,,,,
f0d4b089,46108_ll,489x500x20,0b126877,#N/A,,27-03-2026,ll,32,16:30:00,,,,F2,,32,asd636462,489,48,,4,192,2.081365741,29-03-2026,l,Phalake Akshay,18:27:10,3,1,Ok,,1,,,,144,48,25.00%,QC Checked
86fa6078,46108_ll,436x500x20,0b126877,#N/A,,27-03-2026,ll,32,16:30:00,,,,F2,,30,asd221530,436,43,,7,301,2.081909722,29-03-2026,l,Phalake Akshay,18:27:57,6,1,Ok,,1,,,,258,43,14.29%,QC Checked
e32f3c8a,46108_ll,386x500x20,0b126877,#N/A,,27-03-2026,ll,32,16:30:00,,,,F2,,30,asd143430,386,38,,3,114,2.082291667,29-03-2026,l,Phalake Akshay,18:28:30,3,0,Ok,,0,,,,114,0,0.00%,QC Checked
0e31e3b3,46108_ll,336x500x20,0b126877,#N/A,,27-03-2026,ll,32,16:30:00,,,,F2,,30,asd961942,336,34,,3,102,2.082916667,29-03-2026,l,Phalake Akshay,18:29:24,2,1,Ok,,1,,,,68,34,33.33%,QC Checked
c9243928,46108_ll,253x500x20,0b126877,#N/A,,27-03-2026,ll,32,16:30:00,,,,F2,,30,asd666794,253,26,,6,156,2.084652778,29-03-2026,l,Phalake Akshay,18:31:54,5,1,Ok,,1,,,,130,26,16.67%,QC Checked
f2bcfb02,46108_ll,550x350x50,0b126877,#N/A,,27-03-2026,ll,32,16:30:00,,,,F2,,30,dda65b4a,550,32,,2,64,2.085520833,29-03-2026,l,Phalake Akshay,18:33:09,1,1,Ok,,,,,1,32,32,50.00%,QC Checked
ccc4abd1,46108_ll,250x350x50,0b126877,#N/A,,27-03-2026,ll,32,16:30:00,,,,F2,,30,asd685787,250,15,,1,15,2.090138889,29-03-2026,l,Phalake Akshay,18:39:48,1,0,Ok,,,0,,,15,0,0.00%,QC Checked
,,,,,,,,,,,,,,,,,,,,,,,,,,,,,,,,,,,,,,
7bcfb8d1,46108_ll,489x500x20,0b126877,#N/A,,27-03-2026,ll,33,17:20:00,,,,F2,,32,asd636462,489,48,,4,192,2.092199074,29-03-2026,,Phalake Akshay,19:32:46,3,1,Ok,,1,,,,144,48,25.00%,QC Checked
596d5032,46108_ll,436x500x20,0b126877,#N/A,,27-03-2026,ll,33,17:20:00,,,,F2,,30,asd221530,436,43,,7,301,0.09271990741,27-03-2026,l,Phalake Akshay,19:33:31,7,0,Ok,,,0,,,301,0,0.00%,QC Checked
,,,,,,,,,,,,,,,,,,,,,,,,,,,,,,,,,,,,,,
,,,,,,,,,,,,,,,,,,,,,,,,,,,,,,,,,,,,,,
,,,,,,,,,,,,,,,,,,,,,,,,,,,,,,,,,,,,,,
,,,,,,,,,,,,,,,,,,,,,,,,,,,,,,,,,,,,,,
1af5f02b,46108_ll,386x500x20,0b126877,#N/A,,27-03-2026,ll,33,17:20:00,,,,F2,,,asd143430,386,38,,3,114,2.096863426,29-03-2026,l,Phalake Akshay,19:39:29,2,1,Ok,,1,,,,76,38,33.33%,QC Checked
a2f0a412,46108_ll,336x500x20,0b126877,#N/A,,27-03-2026,ll,33,17:20:00,,,,F2,,30,asd961942,336,34,,3,102,2.117002315,29-03-2026,l,Phalake Akshay,20:08:29,3,0,Ok,0,,,,,102,0,0.00%,QC Checked
f7c2be8e,46108_ll,253x500x20,0b126877,#N/A,,27-03-2026,ll,33,17:20:00,,,,F2,,,asd666794,253,26,,6,156,2.118101852,29-03-2026,l,Phalake Akshay,20:10:04,6,0,Ok,0,,,,,156,0,0.00%,QC Checked
c9f6ca89,46108_ll,550x350x50,0b126877,#N/A,,27-03-2026,ll,33,17:20:00,,,,F2,,,asd534811,550,32,,2,64,2.120069444,29-03-2026,l,Phalake Akshay,20:12:54,2,0,Ok,0,,,,,64,0,0.00%,QC Checked
7f1e5357,46108_ll,489x500x20,0b126877,#N/A,,27-03-2026,ll,34,18:10:00,,,,F2,,32,asd636462,489,48,,4,192,0.1317013889,27-03-2026,,,21:19:39,4,0,Ok,,,,,,192,0,0.00%,Inside Tunnel
44511275,46108_ll,436x500x20,0b126877,#N/A,,27-03-2026,ll,34,18:10:00,,,,F2,,30,asd221530,436,43,1,7,301,0.1322222222,27-03-2026,,,21:20:24,7,0,Ok,,,,,,301,0,0.00%,Inside Tunnel
2790cf10,46108_ll,386x500x20,0b126877,#N/A,,27-03-2026,ll,34,18:10:00,,,,F2,,30,asd143430,386,38,,4,152,0.1328356481,27-03-2026,,,21:21:17,4,0,Ok,,,,,,152,0,0.00%,Inside Tunnel
75e8d419,46108_ll,336x500x20,0b126877,#N/A,,27-03-2026,ll,34,18:10:00,,,,F2,,30,asd961942,336,34,,4,136,0.1339467593,27-03-2026,,,21:22:53,4,0,Ok,,,,,,136,0,0.00%,Inside Tunnel
61fc7cb5,46108_ll,253x500x20,0b126877,#N/A,,27-03-2026,ll,34,18:10:00,,,,F2,,30,asd666794,253,26,1,7,182,0.1343402778,27-03-2026,,,21:23:27,7,0,Ok,,,,,,182,0,0.00%,Inside Tunnel
33c2f1bf,46108_ll,550x350x50,0b126877,#N/A,,27-03-2026,ll,34,18:10:00,,,,F2,,30,dda65b4a,550,32,,1,32,0.1350810185,27-03-2026,,,21:24:31,1,0,Ok,,,,,,32,0,0.00%,Inside Tunnel
1d6254d1,46108_ll,489x500x20,0b126877,#N/A,,27-03-2026,ll,35,19:00:00,,,,F2,,32,asd636462,489,48,,4,192,0.1130324074,27-03-2026,,,21:42:46,4,0,Ok,,,,,,192,0,0.00%,Inside Tunnel
8a47b67a,46108_ll,436x500x20,0b126877,#N/A,,27-03-2026,ll,35,19:00:00,,,,F2,,,asd221530,436,43,,6,258,0.1137152778,27-03-2026,,,21:43:45,6,0,Ok,,,,,,258,0,0.00%,Inside Tunnel
b5a1c3a7,46108_,386x500x20,0b126877,#N/A,,27-03-2026,,35,19:00:00,,,,F2,,,asd143430,386,38,,3,114,0.1142592593,27-03-2026,,,21:44:32,3,0,Ok,,,,,,114,0,0.00%,Inside Tunnel
a811e76a,46108_ll,336x500x20,0b126877,#N/A,,27-03-2026,ll,35,19:00:00,,,,F2,,,asd961942,336,34,,3,102,0.1148726852,27-03-2026,,,21:45:25,3,0,Ok,,,,,,102,0,0.00%,Inside Tunnel
24824533,46108_ll,253x500x20,0b126877,#N/A,,27-03-2026,ll,35,19:00:00,,,,F2,,,asd666794,253,26,1,5,130,0.1153587963,27-03-2026,,,21:46:07,5,0,Ok,,,,,,130,0,0.00%,Inside Tunnel
a8e9b56a,46108_ll,550x350x50,0b126877,#N/A,,27-03-2026,ll,35,19:00:00,,,,F2,,,asd534811,550,32,,1,32,0.115787037,27-03-2026,,,21:46:44,1,0,Ok,,,,,,32,0,0.00%,Inside Tunnel
0a5fa922,46108_ll,489x500x20,0b126877,#N/A,,27-03-2026,ll,36,19:50:00,,,,F2,,32,asd636462,489,48,,4,192,0.1149305556,27-03-2026,,,22:35:30,4,0,Ok,,,,,,192,0,0.00%,Inside Tunnel
e2a45328,46108_ll,436x500x20,0b126877,#N/A,,27-03-2026,ll,36,19:50:00,,,,F2,,30,asd221530,436,43,02,7,301,0.1153935185,27-03-2026,,,22:36:10,7,0,Ok,,,,,,301,0,0.00%,Inside Tunnel
ecb9887e,46108_ll,386x500x20,0b126877,#N/A,,27-03-2026,ll,36,19:50:00,,,,F2,,30,asd143430,386,38,,4,152,0.1158564815,27-03-2026,,,22:36:50,4,0,Ok,,,,,,152,0,0.00%,Inside Tunnel
86991c1b,46108_ll,336x500x20,0b126877,#N/A,,27-03-2026,ll,36,19:50:00,,,,F2,,30,asd961942,336,34,,4,136,0.1161921296,27-03-2026,,,22:37:19,4,0,Ok,,,,,,136,0,0.00%,Inside Tunnel
6280ae90,46108_ll,253x500x20,0b126877,#N/A,,27-03-2026,ll,36,19:50:00,,,,F2,,30,5fc89043,253,26,01,7,182,0.1165625,27-03-2026,,,22:37:51,7,0,Ok,,,,,,182,0,0.00%,Inside Tunnel
10243e4d,46108_ll,550x350x50,0b126877,#N/A,,27-03-2026,ll,36,19:50:00,,,,F2,,30,asd534811,550,32,,1,32,0.1169675926,27-03-2026,,,22:38:26,1,0,Ok,,,,,,32,0,0.00%,Inside Tunnel
0b79fcf0,46108_ll,250x350x50,0b126877,#N/A,,27-03-2026,ll,36,19:50:00,,,,F2,,30,asd685787,250,15,,2,30,0.1174537037,27-03-2026,,,22:39:08,2,0,Ok,,,,,,30,0,0.00%,Inside Tunnel
6c6fe39d,46108_ll,489x500x20,0b126877,#N/A,,27-03-2026,ll,37,21:30:00,,,,F2,,32,asd636462,489,48,,3,144,0.05913194444,27-03-2026,,,22:55:09,3,0,Ok,,,,,,144,0,0.00%,Inside Tunnel
171b0639,46108_ll,436x500x20,0b126877,#N/A,,27-03-2026,ll,37,21:30:00,,,,F2,,,asd221530,436,43,,6,258,0.06035879629,27-03-2026,,,22:56:55,6,0,Ok,,,,,,258,0,0.00%,Inside Tunnel
a539ce79,46108_ll,386x500x20,0b126877,#N/A,,27-03-2026,ll,37,21:30:00,,,,F2,,,asd143430,386,38,,3,114,0.06135416666,27-03-2026,,,22:58:21,3,0,Ok,,,,,,114,0,0.00%,Inside Tunnel
3f1429dd,46108_ll,336x500x20,0b126877,#N/A,,27-03-2026,ll,37,21:30:00,,,,F2,,,asd961942,336,34,,3,102,0.06180555555,27-03-2026,,,22:59:00,3,0,Ok,,,,,,102,0,0.00%,Inside Tunnel
6bf23d2b,46108_ll,253x500x20,0b126877,#N/A,,27-03-2026,ll,37,21:30:00,,,,F2,,,asd666794,253,26,,6,156,0.06293981482,27-03-2026,,,23:00:38,6,0,Ok,,,,,,156,0,0.00%,Inside Tunnel
9c227b86,46108_ll,550x350x50,0b126877,#N/A,,27-03-2026,ll,37,21:30:00,,,,F2,,,asd534811,550,32,,1,32,0.06326388889,27-03-2026,,,23:01:06,1,0,Ok,,,,,,32,0,0.00%,Inside Tunnel
6e079af6,46108_ll,250x350x50,0b126877,#N/A,,27-03-2026,ll,37,21:30:00,,,,F2,,,asd685787,250,15,,1,15,0.06390046296,27-03-2026,,,23:02:01,1,0,Ok,,,,,,15,0,0.00%,Inside Tunnel
2edf4740,46109_lll,489x500x20,9e3cde87,27-03-2026_lll_Pawar A.A,Pawar A.A,28-03-2026,lll,38,23:20:00,,,,F2,,,asd636462,489,48,,4,192,-0.9635648148,28-03-2026,,,00:12:28,4,0,Ok,,,,,,192,0,0.00%,Inside Tunnel
06a380c1,46109_lll,436x500x20,9e3cde87,27-03-2026_lll_Pawar A.A,Pawar A.A,28-03-2026,lll,38,23:20:00,,,,F2,,,asd221530,436,43,,8,344,-0.9569907407,28-03-2026,,,00:21:56,8,0,Ok,,,,,,344,0,0.00%,Inside Tunnel
83410447,46109_lll,386x500x20,9e3cde87,27-03-2026_lll_Pawar A.A,Pawar A.A,28-03-2026,lll,38,00:22:00,,,,F2,,,asd143430,386,38,,4,152,0.0004166666695,28-03-2026,,,00:22:36,4,0,Ok,,,,,,152,0,0.00%,Inside Tunnel
862ab8b3,46109_lll,336x500x20,9e3cde87,27-03-2026_lll_Pawar A.A,Pawar A.A,28-03-2026,lll,38,00:23:00,,,,F2,,,asd961942,336,34,,4,136,0.0002199074079,28-03-2026,,,00:23:19,4,0,Ok,,,,,,136,0,0.00%,Inside Tunnel
a51b8459,46109_lll,253x500x20,9e3cde87,27-03-2026_lll_Pawar A.A,Pawar A.A,28-03-2026,lll,38,00:23:00,,,,F2,,,asd666794,253,26,,8,208,0.0005787037007,28-03-2026,,,00:23:50,8,0,Ok,,,,,,208,0,0.00%,Inside Tunnel
145eb2bd,46109_lll,550x350x50,9e3cde87,27-03-2026_lll_Pawar A.A,Pawar A.A,28-03-2026,lll,38,23:20:00,,,,F2,,,dda65b4a,550,32,,2,64,-0.9507638889,28-03-2026,,,00:30:54,2,0,Ok,,,,,,64,0,0.00%,Inside Tunnel
f49ec52a,46109_lll,250x350x50,9e3cde87,27-03-2026_lll_Pawar A.A,Pawar A.A,28-03-2026,lll,38,23:20:00,,,,F2,,,asd685787,250,15,,1,15,-0.9503587963,28-03-2026,,,00:31:29,1,0,Ok,,,,,,15,0,0.00%,Inside Tunnel
9930cd86,46108_lll,489x500x20,9e3cde87,27-03-2026_lll_Pawar A.A,Pawar A.A,27-03-2026,lll,39,00:10:00,,,,F2,,,asd636462,489,48,,3,144,1.018460648,28-03-2026,,,00:36:35,3,0,Ok,,,,,,144,0,0.00%,Inside Tunnel
d0e71adb,46108_lll,436x500x20,9e3cde87,27-03-2026_lll_Pawar A.A,Pawar A.A,27-03-2026,lll,39,00:10:00,,,,F2,,,asd221530,436,43,,6,258,1.038020833,28-03-2026,,,01:04:45,6,0,Ok,,,,,,258,0,0.00%,Inside Tunnel
0c42892e,46108_lll,386x500x20,9e3cde87,27-03-2026_lll_Pawar A.A,Pawar A.A,27-03-2026,lll,39,00:10:00,,,,F2,,,asd143430,386,38,,3,114,1.038402778,28-03-2026,,,01:05:18,3,0,Ok,,,,,,114,0,0.00%,Inside Tunnel
d42f427e,46108_lll,336x500x20,9e3cde87,27-03-2026_lll_Pawar A.A,Pawar A.A,27-03-2026,lll,39,00:10:00,,,,F2,,,asd961942,336,34,,2,68,1.038622685,28-03-2026,,,01:05:37,2,0,Ok,,,,,,68,0,0.00%,Inside Tunnel
80c58547,46108_lll,253x500x20,9e3cde87,27-03-2026_lll_Pawar A.A,Pawar A.A,27-03-2026,lll,39,00:10:00,,,,F2,,,asd666794,253,26,,5,130,1.038877315,28-03-2026,,,01:05:59,5,0,Ok,,,,,,130,0,0.00%,Inside Tunnel
8472ccb4,46108_lll,550x350x50,9e3cde87,27-03-2026_lll_Pawar A.A,Pawar A.A,27-03-2026,lll,39,00:10:00,,,,F2,,,asd534811,550,32,,1,32,1.03912037,28-03-2026,,,01:06:20,1,0,Ok,,,,,,32,0,0.00%,Inside Tunnel
3d824ff2,46108_lll,489x500x20,9e3cde87,27-03-2026_lll_Pawar A.A,Pawar A.A,27-03-2026,lll,40,01:00:00,,,,F2,,,asd636462,489,48,,4,192,1.048888889,28-03-2026,,,02:10:24,4,0,Ok,,,,,,192,0,0.00%,Inside Tunnel
af32aba6,46108_lll,436x500x20,9e3cde87,27-03-2026_lll_Pawar A.A,Pawar A.A,27-03-2026,lll,40,01:00:00,,,,F2,,,asd221530,436,43,,8,344,1.049583333,28-03-2026,,,02:11:24,8,0,Ok,,,,,,344,0,0.00%,Inside Tunnel
40fd98bd,46108_lll,386x500x20,9e3cde87,27-03-2026_lll_Pawar A.A,Pawar A.A,27-03-2026,lll,40,01:00:00,,,,F2,,,asd143430,386,38,,4,152,1.050324074,28-03-2026,,,02:12:28,4,0,Ok,,,,,,152,0,0.00%,Inside Tunnel
6bf8ee8b,46108_lll,336x500x20,9e3cde87,27-03-2026_lll_Pawar A.A,Pawar A.A,27-03-2026,lll,40,01:00:00,,,,F2,,,asd961942,336,34,,4,136,1.050729167,28-03-2026,,,02:13:03,4,0,Ok,,,,,,136,0,0.00%,Inside Tunnel
1b197e9d,46108_lll,253x500x20,9e3cde87,27-03-2026_lll_Pawar A.A,Pawar A.A,27-03-2026,lll,40,01:00:00,,,,F2,,,asd666794,253,26,,8,208,1.051018519,28-03-2026,,,02:13:28,8,0,Ok,,,,,,208,0,0.00%,Inside Tunnel
7dbde9c1,46108_lll,550x350x50,9e3cde87,27-03-2026_lll_Pawar A.A,Pawar A.A,27-03-2026,lll,40,01:00:00,,,,F2,,,asd534811,550,32,,1,32,1.051296296,28-03-2026,,,02:13:52,1,0,Ok,,,,,,32,0,0.00%,Inside Tunnel
8ca55490,46108_lll,250x350x50,9e3cde87,27-03-2026_lll_Pawar A.A,Pawar A.A,27-03-2026,lll,40,01:00:00,,,,F2,,,asd685787,250,15,,1,15,1.05150463,28-03-2026,,,02:14:10,1,0,Ok,,,,,,15,0,0.00%,Inside Tunnel
,,,,,,,,,,,,,,,,,,,,,,,,,,,,,,,,,,,,,,
0bbc1237,46108_lll,489x400x20,9e3cde87,27-03-2026_lll_Pawar A.A,Pawar A.A,27-03-2026,lll,41,02:00:00,,,,F2,,,asd636463,489,38,,4,152,2.034097222,29-03-2026,ll,Jadhav sahil,02:49:06,2,2,Ok,,2,,,,76,76,50.00%,QC Checked
753e8af4,46108_lll,436x500x20,9e3cde87,27-03-2026_lll_Pawar A.A,Pawar A.A,27-03-2026,lll,41,02:00:00,1084,1210,810,F2,814,,asd221530,436,43,,8,344,2.034490741,29-03-2026,ll,Jadhav sahil,02:49:40,7,1,Ok,,1,,,,301,43,12.50%,QC Checked
4ea37c52,46108_lll,386x500x20,9e3cde87,27-03-2026_lll_Pawar A.A,Pawar A.A,27-03-2026,lll,41,02:00:00,1084,1210,810,F2,814,,asd143430,386,38,,4,152,2.035601852,29-03-2026,ll,Jadhav sahil,02:51:16,3,1,Ok,,1,,,,114,38,25.00%,QC Checked
ffe8d933,46108_lll,336x500x20,9e3cde87,27-03-2026_lll_Pawar A.A,Pawar A.A,27-03-2026,lll,41,02:00:00,1084,1210,810,F2,814,,asd961942,336,34,,3,102,2.035925926,29-03-2026,ll,Jadhav sahil,02:51:44,3,0,Ok,0,,,,,102,0,0.00%,QC Checked
30493998,46108_lll,253x500x20,9e3cde87,27-03-2026_lll_Pawar A.A,Pawar A.A,27-03-2026,lll,41,02:00:00,1084,1210,810,F2,814,,asd666794,253,26,,6,156,2.036180556,29-03-2026,ll,Jadhav sahil,02:52:06,5,1,Ok,,1,,,,130,26,16.67%,QC Checked
88c32b78,46108_lll,550x350x50,9e3cde87,27-03-2026_lll_Pawar A.A,Pawar A.A,27-03-2026,lll,41,02:00:00,1084,1210,810,F2,814,,asd534811,550,32,,1,32,2.036423611,29-03-2026,ll,Jadhav sahil,02:52:27,0,1,Ok,,1,,,,0,32,100.00%,QC Checked
c3f4a64b,46108_lll,250x350x50,9e3cde87,27-03-2026_lll_Pawar A.A,Pawar A.A,27-03-2026,lll,41,02:00:00,1084,1210,810,F2,814,,asd685787,250,15,,1,15,2.036631944,29-03-2026,ll,Jadhav sahil,02:52:45,0,1,Ok,,1,,,,0,15,100.00%,QC Checked
59f5014a,46108_lll,489x500x20,9e3cde87,27-03-2026_lll_Pawar A.A,Pawar A.A,27-03-2026,lll,42,02:50:00,,,,F2,,,asd636462,489,48,,2,96,2.00349537,29-03-2026,ll,Jadhav sahil,02:55:02,1,1,Ok,,1,,,,48,48,50.00%,QC Checked
81b630dd,46108_lll,436x500x20,9e3cde87,27-03-2026_lll_Pawar A.A,Pawar A.A,27-03-2026,lll,42,02:50:00,,,,F2,,,asd221530,436,43,,3,129,2.052476852,29-03-2026,ll,Jadhav sahil,04:05:34,0,3,Ok,,,,,3,0,129,100.00%,QC Checked
339a1b9d,46108_lll,386x500x20,9e3cde87,27-03-2026_lll_Pawar A.A,Pawar A.A,27-03-2026,lll,42,02:50:00,,,,F2,,,asd143430,386,38,,2,76,2.052731481,29-03-2026,ll,Jadhav sahil,04:05:56,0,2,Ok,,,,,2,0,76,100.00%,QC Checked
cf56d348,46108_lll,336x500x20,9e3cde87,27-03-2026_lll_Pawar A.A,Pawar A.A,27-03-2026,lll,42,02:50:00,,,,F2,,,asd961942,336,34,,2,68,2.052893519,29-03-2026,ll,Jadhav sahil,04:06:10,0,2,Ok,0,,,,2,0,68,100.00%,QC Checked
fcbc2e5b,46108_lll,253x500x20,9e3cde87,27-03-2026_lll_Pawar A.A,Pawar A.A,27-03-2026,lll,42,02:50:00,,,,F2,,,asd666794,253,26,,3,78,2.053113426,29-03-2026,ll,Jadhav sahil,04:06:29,2,1,Ok,,1,,,,52,26,33.33%,QC Checked
2e8ba678,46108_lll,489x500x20,9e3cde87,27-03-2026_lll_Pawar A.A,Pawar A.A,27-03-2026,lll,43,03:40:00,,,,F2,,,asd636462,489,48,,4,192,2.019247685,29-03-2026,ll,Jadhav sahil,04:07:43,3,1,Ok,,1,,,,144,48,25.00%,QC Checked
5474ee15,46108_lll,436x500x20,9e3cde87,27-03-2026_lll_Pawar A.A,Pawar A.A,27-03-2026,lll,43,03:40:00,,,,F2,,,asd221530,436,43,,7,301,2.044155093,29-03-2026,ll,Jadhav sahil,04:43:35,6,1,Ok,,1,,,,258,43,14.29%,QC Checked
b9349fb8,46108_lll,386x500x20,9e3cde87,27-03-2026_lll_Pawar A.A,Pawar A.A,27-03-2026,lll,43,03:40:00,,,,F2,,,asd143430,386,38,,4,152,2.044479167,29-03-2026,ll,Jadhav sahil,04:44:03,3,1,Ok,,1,,,,114,38,25.00%,QC Checked
734b4db4,46108_lll,336x500x20,9e3cde87,27-03-2026_lll_Pawar A.A,Pawar A.A,27-03-2026,lll,43,03:40:00,,,,F2,,,asd961942,336,34,,4,136,2.0446875,29-03-2026,ll,Jadhav sahil,04:44:21,4,0,Ok,,0,,,,136,0,0.00%,QC Checked
4f7c7aa0,46108_lll,253x500x20,9e3cde87,27-03-2026_lll_Pawar A.A,Pawar A.A,27-03-2026,lll,43,03:40:00,,,,F2,,,asd666794,253,26,,8,208,2.04494213,29-03-2026,ll,Jadhav sahil,04:44:43,6,2,Ok,,2,,,,156,52,25.00%,QC Checked
9c9401ee,46108_lll,550x350x50,9e3cde87,27-03-2026_lll_Pawar A.A,Pawar A.A,27-03-2026,lll,43,03:40:00,,,,F2,,,asd534811,550,32,,1,32,2.045706019,29-03-2026,ll,Jadhav sahil,04:45:49,1,0,Ok,0,,,,,32,0,0.00%,QC Checked
e4ef072c,46108_lll,250x350x50,9e3cde87,27-03-2026_lll_Pawar A.A,Pawar A.A,27-03-2026,lll,43,03:40:00,,,,F2,,,asd685787,250,15,,1,15,2.04587963,29-03-2026,ll,Jadhav sahil,04:46:04,1,0,Ok,,0,,,,15,0,0.00%,QC Checked
ee50635c,46108_lll,489x500x20,9e3cde87,27-03-2026_lll_Pawar A.A,Pawar A.A,27-03-2026,lll,44,04:30:00,,,,F2,,,asd636462,489,48,,4,192,2.011643519,29-03-2026,ll,Jadhav sahil,04:46:46,3,1,Ok,,1,,,,144,48,25.00%,QC Checked
b6d0d9c8,46108_lll,436x500x20,9e3cde87,27-03-2026_lll_Pawar A.A,Pawar A.A,27-03-2026,lll,44,04:30:00,,,,F2,,,asd221530,436,43,,9,387,2.048599537,29-03-2026,ll,Jadhav sahil,05:39:59,8,1,Ok,,1,,,,344,43,11.11%,QC Checked
b459bb54,46108_lll,386x500x20,9e3cde87,27-03-2026_lll_Pawar A.A,Pawar A.A,27-03-2026,lll,44,04:30:00,,,,F2,,,asd143430,386,38,,4,152,2.049131944,29-03-2026,ll,Jadhav sahil,05:40:45,4,0,Ok,0,,,,,152,0,0.00%,QC Checked
ad56434d,46108_lll,336x500x20,9e3cde87,27-03-2026_lll_Pawar A.A,Pawar A.A,27-03-2026,lll,44,04:30:00,,,,F2,,,asd961942,336,34,,4,136,2.049386574,29-03-2026,ll,Jadhav sahil,05:41:07,4,0,Ok,,0,,,,136,0,0.00%,QC Checked
308a6422,46108_lll,253x500x20,9e3cde87,27-03-2026_lll_Pawar A.A,Pawar A.A,27-03-2026,lll,44,04:30:00,,,,F2,,,asd666794,253,26,,8,208,2.04994213,29-03-2026,ll,Jadhav sahil,05:41:55,7,1,Ok,,1,,,,182,26,12.50%,QC Checked
d5bfe135,46108_lll,550x350x50,9e3cde87,27-03-2026_lll_Pawar A.A,Pawar A.A,27-03-2026,lll,44,04:30:00,,,,F2,,,asd534811,550,32,,1,32,2.050127315,29-03-2026,ll,Jadhav sahil,05:42:11,0,1,Ok,,1,,,,0,32,100.00%,QC Checked
65572d7b,46108_lll,250x350x50,9e3cde87,27-03-2026_lll_Pawar A.A,Pawar A.A,27-03-2026,lll,44,04:30:00,,,,F2,,,asd685787,250,15,,1,15,2.050625,29-03-2026,ll,Jadhav sahil,05:42:54,1,0,Ok,0,,,,,15,0,0.00%,QC Checked
a138c83d,46108_lll,489x500x20,9e3cde87,27-03-2026_lll_Pawar A.A,Pawar A.A,27-03-2026,lll,45,05:30:00,,,,F2,,,asd636462,489,48,,5,240,2.009814815,29-03-2026,ll,Jadhav sahil,05:44:08,2,3,Ok,,2,,1,,96,144,60.00%,QC Checked
d4c6e3e4,46108_lll,436x500x20,9e3cde87,27-03-2026_lll_Pawar A.A,Pawar A.A,27-03-2026,lll,45,05:30:00,,,,F2,,,asd221530,436,43,,7,301,2.046550926,29-03-2026,ll,Jadhav sahil,06:37:02,6,1,Ok,,1,,,,258,43,14.29%,QC Checked
abf794e3,46108_lll,386x500x20,9e3cde87,27-03-2026_lll_Pawar A.A,Pawar A.A,27-03-2026,lll,45,05:30:00,,,,F2,,,asd143430,386,38,,4,152,2.046736111,29-03-2026,ll,Jadhav sahil,06:37:18,3,1,Ok,,1,,,,114,38,25.00%,QC Checked
f01006f7,46108_lll,336x500x20,9e3cde87,27-03-2026_lll_Pawar A.A,Pawar A.A,27-03-2026,lll,45,05:30:00,,,,F2,,,asd961942,336,34,,4,136,2.046921296,29-03-2026,ll,Jadhav sahil,06:37:34,4,0,Ok,,0,,,,136,0,0.00%,QC Checked
44e7fcdc,46108_lll,253x500x20,9e3cde87,27-03-2026_lll_Pawar A.A,Pawar A.A,27-03-2026,lll,45,05:30:00,,,,F2,,,asd666794,253,26,,7,182,2.047152778,29-03-2026,ll,Jadhav sahil,06:37:54,6,1,Ok,,1,,,,156,26,14.29%,QC Checked
604021f6,46108_lll,550x350x50,9e3cde87,27-03-2026_lll_Pawar A.A,Pawar A.A,27-03-2026,lll,45,05:30:00,,,,F2,,,asd534811,550,32,,1,32,2.047314815,29-03-2026,ll,Jadhav sahil,06:38:08,1,0,Ok,,0,,,,32,0,0.00%,QC Checked
7616057f,46108_lll,250x350x50,9e3cde87,27-03-2026_lll_Pawar A.A,Pawar A.A,27-03-2026,lll,45,05:30:00,,,,F2,,,asd685787,250,15,,2,30,2.047488426,29-03-2026,ll,Jadhav sahil,06:38:23,2,0,Ok,,,0,,,30,0,0.00%,QC Checked
,,,,,,,,,,,,,,,,,,,,,,,,,,,,,,,,,,,,,,
,,,,,,,,,,,,,,,,,,,,,,,,,,,,,,,,,,,,,,
,,,,,,,,,,,,,,,,,,,,,,,,,,,,,,,,,,,,,,
,,,,,,,,,,,,,,,,,,,,,,,,,,,,,,,,,,,,,,
,,,,,,,,,,,,,,,,,,,,,,,,,,,,,,,,,,,,,,
,,,,,,,,,,,,,,,,,,,,,,,,,,,,,,,,,,,,,,
,,,,,,,,,,,,,,,,,,,,,,,,,,,,,,,,,,,,,,
,,,,,,,,,,,,,,,,,,,,,,,,,,,,,,,,,,,,,,
,,,,,,,,,,,,,,,,,,,,,,,,,,,,,,,,,,,,,,
,,,,,,,,,,,,,,,,,,,,,,,,,,,,,,,,,,,,,,
,,,,,,,,,,,,,,,,,,,,,,,,,,,,,,,,,,,,,,
,,,,,,,,,,,,,,,,,,,,,,,,,,,,,,,,,,,,,,
,,,,,,,,,,,,,,,,,,,,,,,,,,,,,,,,,,,,,,
,,,,,,,,,,,,,,,,,,,,,,,,,,,,,,,,,,,,,,
,,,,,,,,,,,,,,,,,,,,,,,,,,,,,,,,,,,,,,
,,,,,,,,,,,,,,,,,,,,,,,,,,,,,,,,,,,,,,
,,,,,,,,,,,,,,,,,,,,,,,,,,,,,,,,,,,,,,
,,,,,,,,,,,,,,,,,,,,,,,,,,,,,,,,,,,,,,
,,,,,,,,,,,,,,,,,,,,,,,,,,,,,,,,,,,,,,
,,,,,,,,,,,,,,,,,,,,,,,,,,,,,,,,,,,,,,
,,,,,,,,,,,,,,,,,,,,,,,,,,,,,,,,,,,,,,
,,,,,,,,,,,,,,,,,,,,,,,,,,,,,,,,,,,,,,
,,,,,,,,,,,,,,,,,,,,,,,,,,,,,,,,,,,,,,
,,,,,,,,,,,,,,,,,,,,,,,,,,,,,,,,,,,,,,
,,,,,,,,,,,,,,,,,,,,,,,,,,,,,,,,,,,,,,
,,,,,,,,,,,,,,,,,,,,,,,,,,,,,,,,,,,,,,
,,,,,,,,,,,,,,,,,,,,,,,,,,,,,,,,,,,,,,
,,,,,,,,,,,,,,,,,,,,,,,,,,,,,,,,,,,,,,
,,,,,,,,,,,,,,,,,,,,,,,,,,,,,,,,,,,,,,
,,,,,,,,,,,,,,,,,,,,,,,,,,,,,,,,,,,,,,
,,,,,,,,,,,,,,,,,,,,,,,,,,,,,,,,,,,,,,
,,,,,,,,,,,,,,,,,,,,,,,,,,,,,,,,,,,,,,
,,,,,,,,,,,,,,,,,,,,,,,,,,,,,,,,,,,,,,
,,,,,,,,,,,,,,,,,,,,,,,,,,,,,,,,,,,,,,
,,,,,,,,,,,,,,,,,,,,,,,,,,,,,,,,,,,,,,
,,,,,,,,,,,,,,,,,,,,,,,,,,,,,,,,,,,,,,
,,,,,,,,,,,,,,,,,,,,,,,,,,,,,,,,,,,,,,
,,,,,,,,,,,,,,,,,,,,,,,,,,,,,,,,,,,,,,
,,,,,,,,,,,,,,,,,,,,,,,,,,,,,,,,,,,,,,
,,,,,,,,,,,,,,,,,,,,,,,,,,,,,,,,,,,,,,
,,,,,,,,,,,,,,,,,,,,,,,,,,,,,,,,,,,,,,
,,,,,,,,,,,,,,,,,,,,,,,,,,,,,,,,,,,,,,
,,,,,,,,,,,,,,,,,,,,,,,,,,,,,,,,,,,,,,
,,,,,,,,,,,,,,,,,,,,,,,,,,,,,,,,,,,,,,
,,,,,,,,,,,,,,,,,,,,,,,,,,,,,,,,,,,,,,
,,,,,,,,,,,,,,,,,,,,,,,,,,,,,,,,,,,,,,
,,,,,,,,,,,,,,,,,,,,,,,,,,,,,,,,,,,,,,
,,,,,,,,,,,,,,,,,,,,,,,,,,,,,,,,,,,,,,
,,,,,,,,,,,,,,,,,,,,,,,,,,,,,,,,,,,,,,
,,,,,,,,,,,,,,,,,,,,,,,,,,,,,,,,,,,,,,
,,,,,,,,,,,,,,,,,,,,,,,,,,,,,,,,,,,,,,
ab27882c,46082_lll,436x500x20,cb679420,01-03-2026_lll_Bankar D.M.,Bankar D.M.,01-03-2026,lll,12,13:10:00,1169,1190,775,F1,,32,asd221530,436,43,,5,215,26.99019676,28-03-2026,,,12:55:53,5,0,Ok,,,,,,215,0,0.00%,Inside Tunnel
756b7b0f,46082_lll,386x500x20,cb679420,01-03-2026_lll_Bankar D.M.,Bankar D.M.,01-03-2026,lll,12,13:10:00,1169,1190,775,F1,,32,asd143430,386,38,,5,190,26.99283565,28-03-2026,,,12:59:41,5,0,Ok,,,,,,190,0,0.00%,Inside Tunnel
a74d4195,46082_lll,336x500x20,cb679420,01-03-2026_lll_Bankar D.M.,Bankar D.M.,01-03-2026,lll,12,13:10:00,1169,1190,775,F1,,32,asd961942,336,34,,10,340,26.99310185,28-03-2026,,,13:00:04,10,0,Ok,,,,,,340,0,0.00%,Inside Tunnel
78d84d17,46082_lll,253x500x20,cb679420,01-03-2026_lll_Bankar D.M.,Bankar D.M.,01-03-2026,lll,12,13:10:00,1169,1190,775,F1,,32,asd666794,253,26,,5,130,26.99342593,28-03-2026,,,13:00:32,5,0,Ok,,,,,,130,0,0.00%,Inside Tunnel
01adfaa8,46082_lll,550x350x50,cb679420,01-03-2026_lll_Bankar D.M.,Bankar D.M.,01-03-2026,lll,12,13:10:00,1169,1190,775,F1,,32,asd534811,550,32,,2,64,26.99371528,28-03-2026,,,13:00:57,2,0,Ok,,,,,,64,0,0.00%,Inside Tunnel
,,,,,,,,,,,,,,,,,,,,,,,,,,,,,,,,,,,,,,
68cc8190,46108_l,489x500x20,135c2adb,27-03-2026_l_Khalate H.S.,Khalate H.S.,27-03-2026,l,29,14:00:00,,,,F2,,34,asd636462,489,48,,4,192,1.0040625,28-03-2026,,,14:05:51,4,0,Ok,,,,,,192,0,0.00%,Inside Tunnel
,,,,,,,,,,,,,,,,,,,,,,,,,,,,,,,,,,,,,,
,,,,,,,,,,,,,,,,,,,,,,,,,,,,,,,,,,,,,,
,,,,,,,,,,,,,,,,,,,,,,,,,,,,,,,,,,,,,,
,,,,,,,,,,,,,,,,,,,,,,,,,,,,,,,,,,,,,,
,,,,,,,,,,,,,,,,,,,,,,,,,,,,,,,,,,,,,,
,,,,,,,,,,,,,,,,,,,,,,,,,,,,,,,,,,,,,,
,,,,,,,,,,,,,,,,,,,,,,,,,,,,,,,,,,,,,,
,,,,,,,,,,,,,,,,,,,,,,,,,,,,,,,,,,,,,,
,,,,,,,,,,,,,,,,,,,,,,,,,,,,,,,,,,,,,,
,,,,,,,,,,,,,,,,,,,,,,,,,,,,,,,,,,,,,,
,,,,,,,,,,,,,,,,,,,,,,,,,,,,,,,,,,,,,,
,,,,,,,,,,,,,,,,,,,,,,,,,,,,,,,,,,,,,,
,,,,,,,,,,,,,,,,,,,,,,,,,,,,,,,,,,,,,,
,,,,,,,,,,,,,,,,,,,,,,,,,,,,,,,,,,,,,,
,,,,,,,,,,,,,,,,,,,,,,,,,,,,,,,,,,,,,,
,,,,,,,,,,,,,,,,,,,,,,,,,,,,,,,,,,,,,,
,,,,,,,,,,,,,,,,,,,,,,,,,,,,,,,,,,,,,,
,,,,,,,,,,,,,,,,,,,,,,,,,,,,,,,,,,,,,,
,,,,,,,,,,,,,,,,,,,,,,,,,,,,,,,,,,,,,,
4734b2ae,46109_ll,489x500x20,4b091218,#N/A,,28-03-2026,ll,6,15:20:00,,,,F2,,32,asd636462,489,48,,4,192,1.017974537,29-03-2026,lll,Kanase.sv,15:45:53,0,4,Ok,,3,1,,,0,192,100.00%,QC Checked
2fd37263,46109_ll,436x500x20,4b091218,#N/A,,28-03-2026,ll,6,15:20:00,,,,F2,,30,asd221530,436,43,,8,344,1.036909722,29-03-2026,lll,Kanase.sv,16:13:09,8,0,Ok,0,,,,,344,0,0.00%,QC Checked
8f41a95e,46110_lll,386x500x20,4b091218,#N/A,,29-03-2026,lll,6,15:20:00,,,,F2,,30,asd143430,386,38,,4,152,0.03730324074,29-03-2026,lll,Kanase.sv,16:13:43,3,1,Ok,,1,,,,114,38,25.00%,QC Checked
3ea1063a,46109_ll,336x500x20,4b091218,#N/A,,28-03-2026,ll,6,15:20:00,,,,F2,,30,asd961942,336,34,,4,136,1.037662037,29-03-2026,lll,Kanase.sv,16:14:14,4,0,Ok,0,,,,,136,0,0.00%,QC Checked
b00b51c9,46109_ll,253x500x20,,#N/A,,28-03-2026,ll,6,15:20:00,,,,F2,,30,asd666794,253,26,,8,208,1.045219907,29-03-2026,lll,Kanase.sv,16:25:07,8,0,Ok,0,,,,,208,0,0.00%,QC Checked
14e1eb7a,46110_lll,550x350x50,4b091218,#N/A,,29-03-2026,lll,6,15:20:00,,,,F2,,30,dda65b4a,550,32,,2,64,0.04568287037,29-03-2026,lll,Kanase.sv,16:25:47,1,1,Ok,,1,,,,32,32,50.00%,QC Checked
438a5ceb,46109_ll,250x350x50,4b091218,#N/A,,28-03-2026,ll,6,15:20:00,,,,F2,,,asd685787,250,15,,2,30,1.083194444,29-03-2026,lll,Kanase.sv,17:19:48,2,0,Ok,0,,,,,30,0,0.00%,QC Checked
d9d0cf3e,46109_ll,489x500x20,4b091218,#N/A,,28-03-2026,ll,7,16:10:00,,,,F2,,32,asd636462,489,48,1,3,144,1.048738426,29-03-2026,lll,Suraj kanse,17:20:11,1,2,Ok,,1,1,,,48,96,66.67%,QC Checked
454f72f9,46082_lll,436x500x20,0b126877,#N/A,,01-03-2026,lll,13,01:10:00,1169,1190,775,F1,812,34,asd221530,436,43,,5,215,27.67528935,28-03-2026,,,17:22:25,5,0,Ok,,,,,,215,0,0.00%,Inside Tunnel
e52471f2,46082_lll,386x500x20,0b126877,#N/A,,01-03-2026,lll,13,01:10:00,1169,1190,775,F1,812,34,asd143430,386,38,,4,152,27.67636574,28-03-2026,,,17:23:58,4,0,Ok,,,,,,152,0,0.00%,Inside Tunnel
cc9917e4,46082_lll,336x500x20,0b126877,#N/A,,01-03-2026,lll,13,01:10:00,1169,1190,775,F1,812,34,asd961942,336,34,,10,340,27.67673611,28-03-2026,,,17:24:30,10,0,Ok,,,,,,340,0,0.00%,Inside Tunnel
92dc5dfb,46082_lll, x x ,0b126877,#N/A,,01-03-2026,lll,13,01:10:00,1169,1190,775,F1,812,34,,#N/A,0,,,0,27.67708333,28-03-2026,,,17:25:00,0,0,Ok,,,,,,0,0,0.00%,Inside Tunnel
64f17f15,46082_lll,253x500x20,0b126877,#N/A,,01-03-2026,lll,13,01:10:00,1169,1190,775,F1,812,34,asd666794,253,26,,5,130,27.67711806,28-03-2026,,,17:25:03,5,0,Ok,,,,,,130,0,0.00%,Inside Tunnel
4804af6a,46082_lll,550x350x50,0b126877,#N/A,,01-03-2026,lll,13,01:10:00,1169,1190,775,F1,812,34,asd534811,550,32,,2,64,27.67731481,28-03-2026,,,17:25:20,2,0,Ok,,,,,,64,0,0.00%,Inside Tunnel
,,,,,,,,,,,,,,,,,,,,,,,,,,,,,,,,,,,,,,
,,,,,,,,,,,,,,,,,,,,,,,,,,,,,,,,,,,,,,
2c34f379,46082_lll,436x500x20,cb679420,01-03-2026_lll_Bankar D.M.,Bankar D.M.,01-03-2026,lll,14,02:10:00,,1190,775,F1,,34,asd221530,436,43,,4,172,27.64041667,28-03-2026,,,17:32:12,4,0,Ok,,,,,,172,0,0.00%,Inside Tunnel
8d163264,46082_lll,386x500x20,cb679420,01-03-2026_lll_Bankar D.M.,Bankar D.M.,01-03-2026,lll,14,02:10:00,,1190,775,F1,,34,asd143430,386,38,,4,152,27.64112269,28-03-2026,,,17:33:13,4,0,Ok,,,,,,152,0,0.00%,Inside Tunnel
761f3625,46082_lll,336x500x20,cb679420,01-03-2026_lll_Bankar D.M.,Bankar D.M.,01-03-2026,lll,14,02:10:00,,1190,775,F1,,34,asd961942,336,34,,7,238,27.64141204,28-03-2026,,,17:33:38,7,0,Ok,,,,,,238,0,0.00%,Inside Tunnel
0458502b,46082_lll,253x500x20,cb679420,01-03-2026_lll_Bankar D.M.,Bankar D.M.,01-03-2026,lll,14,02:10:00,,1190,775,F1,,34,asd666794,253,26,,4,104,27.64162037,28-03-2026,,,17:33:56,4,0,Ok,,,,,,104,0,0.00%,Inside Tunnel
5e4a00c5,46082_lll,550x350x50,cb679420,01-03-2026_lll_Bankar D.M.,Bankar D.M.,01-03-2026,lll,14,02:10:00,,1190,775,F1,,34,asd534811,550,32,,2,64,27.64174769,28-03-2026,,,17:34:07,2,0,Ok,,,,,,64,0,0.00%,Inside Tunnel
15081c45,46082_lll,436x500x20,cb679420,01-03-2026_lll_Bankar D.M.,Bankar D.M.,01-03-2026,lll,15,03:10:00,,1190,775,F1,,34,asd221530,436,43,,5,215,27.60337963,28-03-2026,,,17:38:52,5,0,Ok,,,,,,215,0,0.00%,Inside Tunnel
ed7cd8a4,46082_lll,386x500x20,cb679420,01-03-2026_lll_Bankar D.M.,Bankar D.M.,01-03-2026,lll,15,03:10:00,,1190,775,F1,,34,asd143430,386,38,,5,190,27.60412037,28-03-2026,,,17:39:56,5,0,Ok,,,,,,190,0,0.00%,Inside Tunnel
95f81e15,46082_lll,336x500x20,cb679420,01-03-2026_lll_Bankar D.M.,Bankar D.M.,01-03-2026,lll,15,03:10:00,,1190,775,F1,,34,asd961942,336,34,,10,340,27.60430556,28-03-2026,,,17:40:12,10,0,Ok,,,,,,340,0,0.00%,Inside Tunnel
b5291c73,46082_lll,253x500x20,cb679420,01-03-2026_lll_Bankar D.M.,Bankar D.M.,01-03-2026,lll,15,03:10:00,,1190,775,F1,,34,asd666794,253,26,,5,130,27.60471065,28-03-2026,,,17:40:47,5,0,Ok,,,,,,130,0,0.00%,Inside Tunnel
6c2824cb,46082_lll,550x350x50,cb679420,01-03-2026_lll_Bankar D.M.,Bankar D.M.,01-03-2026,lll,15,03:10:00,,1190,775,F1,,34,asd534811,550,32,,2,64,27.60489583,28-03-2026,,,17:41:03,2,0,Ok,,,,,,64,0,0.00%,Inside Tunnel
be922b71,46082_lll,436x500x20,cb679420,01-03-2026_lll_Bankar D.M.,Bankar D.M.,01-03-2026,lll,16,04:10:00,,1190,775,F1,,34,asd221530,436,43,,5,215,27.56368056,28-03-2026,,,17:41:42,5,0,Ok,,,,,,215,0,0.00%,Inside Tunnel
e2682dea,46082_lll,386x500x20,cb679420,01-03-2026_lll_Bankar D.M.,Bankar D.M.,01-03-2026,lll,16,04:10:00,,1190,775,F1,,34,asd143430,386,38,,4,152,27.56430556,28-03-2026,,,17:42:36,4,0,Ok,,,,,,152,0,0.00%,Inside Tunnel
7e325cfc,46082_lll,336x500x20,cb679420,01-03-2026_lll_Bankar D.M.,Bankar D.M.,01-03-2026,lll,16,04:10:00,,1190,775,F1,,34,asd961942,336,34,,10,340,27.56452546,28-03-2026,,,17:42:55,10,0,Ok,,,,,,340,0,0.00%,Inside Tunnel
daf152b8,46082_lll,253x500x20,cb679420,01-03-2026_lll_Bankar D.M.,Bankar D.M.,01-03-2026,lll,16,04:10:00,,1190,775,F1,,34,asd666794,253,26,,5,130,27.56475694,28-03-2026,,,17:43:15,5,0,Ok,,,,,,130,0,0.00%,Inside Tunnel
4a76aab5,46082_lll,550x350x50,cb679420,01-03-2026_lll_Bankar D.M.,Bankar D.M.,01-03-2026,lll,16,04:10:00,,1190,775,F1,,34,asd534811,550,32,,2,64,27.56490741,28-03-2026,,,17:43:28,2,0,Ok,,,,,,64,0,0.00%,Inside Tunnel
c41558b6,46082_lll,436x500x20,cb679420,01-03-2026_lll_Bankar D.M.,Bankar D.M.,01-03-2026,lll,17,04:10:00,,1190,775,F1,,34,asd221530,436,43,,4,172,27.56509259,28-03-2026,,,17:43:44,4,0,Ok,,,,,,172,0,0.00%,Inside Tunnel
e5842625,46082_lll,386x500x20,cb679420,01-03-2026_lll_Bankar D.M.,Bankar D.M.,01-03-2026,lll,17,04:10:00,,1190,775,F1,,34,asd143430,386,38,,4,152,27.56540509,28-03-2026,,,17:44:11,4,0,Ok,,,,,,152,0,0.00%,Inside Tunnel
0c900c39,46082_lll,336x500x20,cb679420,01-03-2026_lll_Bankar D.M.,Bankar D.M.,01-03-2026,lll,17,04:10:00,,1190,775,F1,,34,asd961942,336,34,,8,272,27.5655787,28-03-2026,,,17:44:26,8,0,Ok,,,,,,272,0,0.00%,Inside Tunnel
fd4d0fb8,46082_lll,253x500x20,cb679420,01-03-2026_lll_Bankar D.M.,Bankar D.M.,01-03-2026,lll,17,04:10:00,,1190,775,F1,,34,asd666794,253,26,,4,104,27.56576389,28-03-2026,,,17:44:42,4,0,Ok,,,,,,104,0,0.00%,Inside Tunnel
65613397,46082_lll,550x350x50,cb679420,01-03-2026_lll_Bankar D.M.,Bankar D.M.,01-03-2026,lll,17,04:10:00,,1190,775,F1,,34,asd534811,550,32,,2,64,27.56596065,28-03-2026,,,17:44:59,2,0,Ok,,,,,,64,0,0.00%,Inside Tunnel
ea1de081,46082_lll,436x500x20,cb679420,01-03-2026_lll_Bankar D.M.,Bankar D.M.,01-03-2026,lll,18,06:10:00,,1190,775,F1,,34,asd221530,436,43,,4,172,27.48280093,28-03-2026,,,17:45:14,4,0,Ok,,,,,,172,0,0.00%,Inside Tunnel
7f1b6307,46082_lll,386x500x20,cb679420,01-03-2026_lll_Bankar D.M.,Bankar D.M.,01-03-2026,lll,18,06:10:00,,1190,775,F1,,34,asd143430,386,38,,6,228,27.48304398,28-03-2026,,,17:45:35,6,0,Ok,,,,,,228,0,0.00%,Inside Tunnel
78e96eb7,46082_lll,336x500x20,cb679420,01-03-2026_lll_Bankar D.M.,Bankar D.M.,01-03-2026,lll,18,06:10:00,,1190,775,F1,,34,asd961942,336,34,,8,272,27.48328704,28-03-2026,,,17:45:56,8,0,Ok,,,,,,272,0,0.00%,Inside Tunnel
2cfa37de,46082_lll,253x500x20,cb679420,01-03-2026_lll_Bankar D.M.,Bankar D.M.,01-03-2026,lll,18,06:10:00,,1190,775,F1,,34,asd666794,253,26,,4,104,27.48344907,28-03-2026,,,17:46:10,4,0,Ok,,,,,,104,0,0.00%,Inside Tunnel
2c6d41e6,46109_ll,436x500x20,4b091218,#N/A,,28-03-2026,ll,7,16:10:00,,,,F2,,,asd221530,436,43,,7,301,1.066527778,29-03-2026,lll,Kanase.sv,17:45:48,7,0,Ok,0,,,,,301,0,0.00%,QC Checked
5fb792bf,46082_lll,550x350x50,cb679420,01-03-2026_lll_Bankar D.M.,Bankar D.M.,01-03-2026,lll,18,06:10:00,,1190,775,F1,,34,asd534811,550,32,,2,64,27.48364583,28-03-2026,,,17:46:27,2,0,Ok,,,,,,64,0,0.00%,Inside Tunnel
bf31b4e8,46109_ll,489x500x20,605dcc1d,28-03-2026_ll_Bankar D.M.,Bankar D.M.,28-03-2026,ll,6,15:20:00,,,,F2,,,asd636462,489,48,,4,192,0.1045717593,28-03-2026,,,17:50:35,4,0,Ok,,,,,,192,0,0.00%,Inside Tunnel
5cc366f5,46109_ll,436x500x20,605dcc1d,28-03-2026_ll_Bankar D.M.,Bankar D.M.,28-03-2026,ll,6,15:20:00,,,,F2,,,asd221530,436,43,,8,344,0.1315046296,28-03-2026,,,18:29:22,8,0,Ok,,,,,,344,0,0.00%,Inside Tunnel
f44a20c2,46109_ll,386x500x20,605dcc1d,28-03-2026_ll_Bankar D.M.,Bankar D.M.,28-03-2026,ll,6,15:20:00,,,,F2,,,asd143430,386,38,,4,152,0.1326388889,28-03-2026,,,18:31:00,4,0,Ok,,,,,,152,0,0.00%,Inside Tunnel
60700a06,46109_ll,336x500x20,605dcc1d,28-03-2026_ll_Bankar D.M.,Bankar D.M.,28-03-2026,ll,6,15:20:00,,,,F2,,,asd961942,336,34,,4,136,0.1330324074,28-03-2026,,,18:31:34,4,0,Ok,,,,,,136,0,0.00%,Inside Tunnel
9c161408,46109_ll,253x500x20,605dcc1d,28-03-2026_ll_Bankar D.M.,Bankar D.M.,28-03-2026,ll,6,15:20:00,,,,F2,,,asd666794,253,26,,8,208,0.1332638889,28-03-2026,,,18:31:54,8,0,Ok,,,,,,208,0,0.00%,Inside Tunnel
87fa8450,46109_ll,550x350x50,605dcc1d,28-03-2026_ll_Bankar D.M.,Bankar D.M.,28-03-2026,ll,6,15:20:00,,,,F2,,,asd534811,550,32,,2,64,0.1335648148,28-03-2026,,,18:32:20,2,0,Ok,,,,,,64,0,0.00%,Inside Tunnel
398e00d5,46109_ll,250x350x50,605dcc1d,28-03-2026_ll_Bankar D.M.,Bankar D.M.,28-03-2026,ll,6,15:20:00,,,,F2,,,asd685787,250,15,,2,30,0.1338194444,28-03-2026,,,18:32:42,2,0,Ok,,,,,,30,0,0.00%,Inside Tunnel
a94af377,46109_ll,489x500x20,605dcc1d,28-03-2026_ll_Bankar D.M.,Bankar D.M.,28-03-2026,ll,7,16:10:00,,,,F2,,,asd636462,489,48,1,3,144,1.099479167,29-03-2026,lll,Kanase Suraj,18:33:15,1,2,Ok,,1,1,,,48,96,66.67%,QC Checked
4f29a157,46109_ll,436x500x20,605dcc1d,28-03-2026_ll_Bankar D.M.,Bankar D.M.,28-03-2026,ll,7,16:10:00,,,,F2,,,asd221530,436,43,,7,301,1.099768519,29-03-2026,lll,Suraj k,18:33:40,7,0,Ok,0,,,,,301,0,0.00%,QC Checked
0d486bad,46109_ll,386x500x20,605dcc1d,28-03-2026_ll_Bankar D.M.,Bankar D.M.,28-03-2026,ll,6,16:10:00,,,,F2,,,asd143430,386,38,,3,114,0.1002314815,28-03-2026,,,18:34:20,3,0,Ok,,,,,,114,0,0.00%,Inside Tunnel
71e9192b,46109_ll,336x500x20,605dcc1d,28-03-2026_ll_Bankar D.M.,Bankar D.M.,28-03-2026,ll,7,16:10:00,,,,F2,,,asd961942,336,34,1,2,68,1.100798611,29-03-2026,lll,Suraj k,18:35:09,1,1,Ok,,1,,,,34,34,50.00%,QC Checked
f44d37f1,46109_ll,253x500x20,605dcc1d,28-03-2026_ll_Bankar D.M.,Bankar D.M.,28-03-2026,ll,7,16:10:00,,,,F2,,,asd666794,253,26,,5,130,1.101180556,29-03-2026,lll,Suraj k,18:35:42,5,0,Ok,0,,,,,130,0,0.00%,QC Checked
cc3a93bd,46109_ll,550x350x50,605dcc1d,28-03-2026_ll_Bankar D.M.,Bankar D.M.,28-03-2026,ll,7,16:11:00,,,,F2,,,dda65b4a,550,32,,1,32,1.100925926,29-03-2026,lll,Suraj k,18:36:20,1,0,Ok,0,,,,,32,0,0.00%,QC Checked
116db352,46109_ll,489x500x20,605dcc1d,28-03-2026_ll_Bankar D.M.,Bankar D.M.,28-03-2026,ll,8,17:00:00,,,,F2,,,asd636462,489,48,,5,240,1.067256944,29-03-2026,lll,Suraj k,18:36:51,4,1,Ok,,1,,,,192,48,20.00%,QC Checked
87c5b5b9,46109_ll,436x500x20,605dcc1d,28-03-2026_ll_Bankar D.M.,Bankar D.M.,28-03-2026,ll,8,17:00:00,,,,F2,,,asd221530,436,43,,8,344,1.067592593,29-03-2026,lll,Suraj k,18:37:20,7,1,Ok,,1,,,,301,43,12.50%,QC Checked
f64f4832,46109_ll,386x500x20,605dcc1d,28-03-2026_ll_Bankar D.M.,Bankar D.M.,28-03-2026,ll,8,17:00:00,,,,F2,,,asd143430,386,38,1,4,152,1.068263889,29-03-2026,lll,Suraj k,18:38:18,4,0,Ok,0,,,,,152,0,0.00%,QC Checked
44031d52,46109_ll,336x500x20,605dcc1d,28-03-2026_ll_Bankar D.M.,Bankar D.M.,28-03-2026,ll,8,17:00:00,,,,F2,,,asd961942,336,34,,5,170,1.068912037,29-03-2026,lll,Suraj k,18:39:14,3,2,Ok,,1,1,,,102,68,40.00%,QC Checked
d0b257c4,46109_ll,253x500x20,605dcc1d,28-03-2026_ll_Bankar D.M.,Bankar D.M.,28-03-2026,ll,8,17:00:00,,,,F2,,,asd666794,253,26,,8,208,1.069236111,29-03-2026,lll,Suraj k,18:39:42,7,1,Ok,,1,,,,182,26,12.50%,QC Checked
b1fe3a22,46109_ll,550x350x50,605dcc1d,28-03-2026_ll_Bankar D.M.,Bankar D.M.,28-03-2026,ll,8,17:00:00,,,,F2,,,asd534811,550,32,,2,64,1.069606481,29-03-2026,lll,Suraj k,18:40:14,0,2,Ok,,,,,2,0,64,100.00%,QC Checked
afe9cae9,46109_ll,250x350x50,605dcc1d,28-03-2026_ll_Bankar D.M.,Bankar D.M.,28-03-2026,ll,8,17:00:00,,,,F2,,,asd685787,250,15,,2,30,1.070243056,29-03-2026,lll,Suraj k,18:41:09,1,1,Ok,0,1,,,,15,15,50.00%,QC Checked
f3b89e9a,46109_ll,489x500x20,605dcc1d,28-03-2026_ll_Bankar D.M.,Bankar D.M.,28-03-2026,ll,9,17:50:00,,,,F2,,,asd636462,489,48,,4,192,2.069351852,30-03-2026,l,Shubham pawar,19:29:52,1,3,Ok,,2,1,,,48,144,75.00%,QC Checked
a5c5dc8d,46109_ll,436x500x20,605dcc1d,28-03-2026_ll_Bankar D.M.,Bankar D.M.,28-03-2026,ll,9,17:50:00,,,,F2,,,asd221530,436,43,,6,258,2.069652778,30-03-2026,l,Shubham pawar,19:30:18,4,2,Ok,,2,,,,172,86,33.33%,QC Checked
99d82016,46109_ll,386x500x20,605dcc1d,28-03-2026_ll_Bankar D.M.,Bankar D.M.,28-03-2026,ll,9,17:50:00,,,,F2,,,asd143430,386,38,,3,114,2.070277778,30-03-2026,l,Shubham pawar,19:31:12,3,0,Ok,0,,,,,114,0,0.00%,QC Checked
00d1e313,46109_ll,336x500x20,605dcc1d,28-03-2026_ll_Bankar D.M.,Bankar D.M.,28-03-2026,ll,9,17:50:00,,,,F2,,,asd961942,336,34,,2,68,2.071030093,30-03-2026,l,Shubham pawar,19:32:17,2,0,Ok,0,,,,,68,0,0.00%,QC Checked
f7eb74e0,46109_ll,253x500x20,605dcc1d,28-03-2026_ll_Bankar D.M.,Bankar D.M.,28-03-2026,ll,9,17:50:00,,,,F2,,,asd666794,253,26,,2,52,2.07130787,30-03-2026,l,Shubham pawar,19:32:41,1,1,Ok,,1,,,,26,26,50.00%,QC Checked
3ef57a54,46109_ll,550x350x50,605dcc1d,28-03-2026_ll_Bankar D.M.,Bankar D.M.,28-03-2026,ll,9,17:50:00,,,,F2,,,asd534811,550,32,,1,32,2.071655093,30-03-2026,l,Shubham pawar,19:33:11,0,1,Ok,,1,,,,0,32,100.00%,QC Checked
b344174a,46109_ll,489x500x20,605dcc1d,28-03-2026_ll_Bankar D.M.,Bankar D.M.,28-03-2026,ll,10,18:40:00,1109,,,F2,845,32,asd636462,489,48,1,1,48,2.094803241,30-03-2026,l,Shubham pawar,20:56:31,0,1,Ok,,1,,,,0,48,100.00%,QC Checked
6479581a,46109_ll,436x500x20,605dcc1d,28-03-2026_ll_Bankar D.M.,Bankar D.M.,28-03-2026,ll,10,18:40:00,,,,F2,,30,asd221530,436,43,,3,129,2.096099537,30-03-2026,l,Shubham pawar,20:58:23,2,1,Ok,,,1,,,86,43,33.33%,QC Checked
c63d45d9,46109_ll,386x500x20,605dcc1d,28-03-2026_ll_Bankar D.M.,Bankar D.M.,28-03-2026,ll,10,18:40:00,,,,F2,,,asd143430,386,38,,2,76,2.096898148,30-03-2026,l,Shubham pawar,20:59:32,0,2,Ok,,1,,1,,0,76,100.00%,QC Checked
695ff03a,46109_ll,336x500x20,605dcc1d,28-03-2026_ll_Bankar D.M.,Bankar D.M.,28-03-2026,ll,10,18:40:00,,,,F2,,,asd961942,336,34,,2,68,2.097337963,30-03-2026,l,Shubham pawar,21:00:10,0,2,Ok,,2,,,,0,68,100.00%,QC Checked
3b4b1e2f,46109_ll,253x500x20,605dcc1d,28-03-2026_ll_Bankar D.M.,Bankar D.M.,28-03-2026,ll,10,18:40:00,,,,F2,,,asd666794,253,26,,2,52,2.063194444,30-03-2026,l,Shubham pawar,20:11:00,0,2,Ok,,2,,,,0,52,100.00%,QC Checked
d538eee1,46109_ll,550x350x50,605dcc1d,28-03-2026_ll_Bankar D.M.,Bankar D.M.,28-03-2026,ll,10,18:40:00,,,,F2,,,asd534811,550,32,,1,32,2.098842593,30-03-2026,l,Shubham pawar,21:02:20,1,0,Ok,0,,,,,32,0,0.00%,QC Checked
69652dfc,46109_ll,489x500x20,605dcc1d,28-03-2026_ll_Bankar D.M.,Bankar D.M.,28-03-2026,ll,11,19:30:00,,,,F2,,,asd636462,489,48,,4,192,1.583333333,30-03-2026,l,Shubham pawar,09:30:00,4,0,Ok,0,,,,,192,0,0.00%,QC Checked
41ddb55b,46109_ll,436x500x20,605dcc1d,28-03-2026_ll_Bankar D.M.,Bankar D.M.,28-03-2026,ll,11,19:30:00,,,,F2,,,asd221530,436,43,,8,344,1.583333333,30-03-2026,l,Shubham pawar,09:30:00,5,3,Ok,,3,,,,215,129,37.50%,QC Checked
360af81f,46109_ll,386x500x20,605dcc1d,28-03-2026_ll_Bankar D.M.,Bankar D.M.,28-03-2026,ll,11,19:30:00,,,,F2,,,asd143430,386,38,,4,152,1.583333333,30-03-2026,l,Shubham pawar,09:30:00,3,1,Ok,,1,,,,114,38,25.00%,QC Checked
eebc43b9,46109_ll,336x500x20,605dcc1d,28-03-2026_ll_Bankar D.M.,Bankar D.M.,28-03-2026,ll,11,19:30:00,,,,F2,,,asd961942,336,34,,4,136,1.583333333,30-03-2026,l,Shubham pawar,09:30:00,3,1,Ok,,1,,,,102,34,25.00%,QC Checked
15aa08c1,46109_ll,253x500x20,605dcc1d,28-03-2026_ll_Bankar D.M.,Bankar D.M.,28-03-2026,ll,11,19:30:00,,,,F2,,,asd666794,253,26,,8,208,1.583333333,30-03-2026,l,Shubham pawar,09:30:00,7,1,Ok,,1,,,,182,26,12.50%,QC Checked
8ea7086a,46109_ll,550x350x50,605dcc1d,28-03-2026_ll_Bankar D.M.,Bankar D.M.,28-03-2026,ll,11,19:30:00,,,,F2,,,asd534811,550,32,,2,64,1.583333333,30-03-2026,l,Shubham pawar,09:30:00,0,2,Ok,,1,,,1,0,64,100.00%,QC Checked
c54bd719,46109_ll,489x500x20,605dcc1d,28-03-2026_ll_Bankar D.M.,Bankar D.M.,28-03-2026,ll,12,20:20:00,1135,,,F2,780,32,asd636462,489,48,,4,192,1.590277778,30-03-2026,l,Shubham pawar,10:30:00,3,1,Ok,,,1,,,144,48,25.00%,QC Checked
f76690e3,46109_ll,436x500x20,605dcc1d,28-03-2026_ll_Bankar D.M.,Bankar D.M.,28-03-2026,ll,12,20:20:00,,,,F2,,30,asd221530,436,43,,6,258,1.590277778,30-03-2026,l,Shubham pawar,10:30:00,4,2,Ok,,2,,,,172,86,33.33%,QC Checked
6e4090ac,46109_ll,386x500x20,605dcc1d,28-03-2026_ll_Bankar D.M.,Bankar D.M.,28-03-2026,ll,12,20:20:00,,,,F2,,30,asd143430,386,38,,4,152,1.590277778,30-03-2026,l,Shubham pawar,10:30:00,4,0,Ok,0,,,,,152,0,0.00%,QC Checked
dfbd5cf6,46109_ll,336x500x20,605dcc1d,28-03-2026_ll_Bankar D.M.,Bankar D.M.,28-03-2026,ll,12,20:20:00,,,,F2,,30,asd961942,336,34,,4,136,1.590277778,30-03-2026,l,Shubham pawar,10:30:00,4,0,Ok,0,,,,,136,0,0.00%,QC Checked
531ae493,46109_ll,253x500x20,605dcc1d,28-03-2026_ll_Bankar D.M.,Bankar D.M.,28-03-2026,ll,12,20:20:00,,,,F2,,30,asd666794,253,26,,8,208,1.590277778,30-03-2026,l,Shubham pawar,10:30:00,7,1,Ok,,1,,,,182,26,12.50%,QC Checked
9111c7e3,46109_ll,489x500x20,605dcc1d,28-03-2026_ll_Bankar D.M.,Bankar D.M.,28-03-2026,ll,13,21:20:00,,,,F2,,,asd636462,489,48,,2,96,0.05489583333,28-03-2026,,,22:39:03,2,0,Ok,,,,,,96,0,0.00%,Inside Tunnel
f116ff53,46109_ll,436x500x20,605dcc1d,28-03-2026_ll_Bankar D.M.,Bankar D.M.,28-03-2026,ll,13,21:20:00,,,,F2,,,asd221530,436,43,,4,172,0.06119212963,28-03-2026,,,22:48:07,4,0,Ok,,,,,,172,0,0.00%,Inside Tunnel
ffb068d0,46109_ll,386x500x20,605dcc1d,28-03-2026_ll_Bankar D.M.,Bankar D.M.,28-03-2026,ll,13,21:20:00,,,,F2,,,asd143430,386,38,,2,76,0.06163194445,28-03-2026,,,22:48:45,2,0,Ok,,,,,,76,0,0.00%,Inside Tunnel
22c83ab8,46109_ll,336x500x20,605dcc1d,28-03-2026_ll_Bankar D.M.,Bankar D.M.,28-03-2026,ll,13,21:20:00,,,,F2,,,asd961942,336,34,,1,34,0.06212962963,28-03-2026,,,22:49:28,1,0,Ok,,,,,,34,0,0.00%,Inside Tunnel
5df4ab3d,46109_ll,253x500x20,605dcc1d,28-03-2026_ll_Bankar D.M.,Bankar D.M.,28-03-2026,ll,13,21:20:00,,,,F2,,,asd666794,253,26,2,2,52,0.06261574074,28-03-2026,,,22:50:10,2,0,Ok,,,,,,52,0,0.00%,Inside Tunnel
47ae5864,46109_lll,489x500x20,9e3cde87,27-03-2026_lll_Pawar A.A,Pawar A.A,28-03-2026,lll,15,23:10:00,,,,F2,,,asd636462,489,48,,5,240,1.555555556,30-03-2026,l,Shubham pawar,12:30:00,4,1,Ok,,1,,,,192,48,20.00%,QC Checked
03ef209a,46109_lll,436x500x20,9e3cde87,27-03-2026_lll_Pawar A.A,Pawar A.A,28-03-2026,lll,15,23:10:00,,,,F2,,,asd221530,436,43,,8,344,1.083333333,30-03-2026,l,Shubham pawar,01:10:00,7,1,Ok,,1,,,,301,43,12.50%,QC Checked
3c464bdb,46109_lll,386x500x20,9e3cde87,27-03-2026_lll_Pawar A.A,Pawar A.A,28-03-2026,lll,15,23:10:00,,,,F2,,,asd143430,386,38,,4,152,1.578472222,30-03-2026,l,Shubham pawar,13:03:00,4,0,Ok,0,,,,,152,0,0.00%,QC Checked
f936dacc,46109_lll,336x500x20,9e3cde87,27-03-2026_lll_Pawar A.A,Pawar A.A,28-03-2026,lll,15,23:10:00,,,,F2,,,asd961942,336,34,,5,170,1.582638889,30-03-2026,l,Shubham pawar,13:09:00,4,1,Ok,,1,,,,136,34,20.00%,QC Checked
bdabc111,46109_lll,253x500x20,9e3cde87,27-03-2026_lll_Pawar A.A,Pawar A.A,28-03-2026,lll,15,23:10:00,,,,F2,,,asd666794,253,26,,9,234,1.584722222,30-03-2026,l,Shubham pawar,13:12:00,9,0,Ok,0,,,,,234,0,0.00%,QC Checked
40054f0b,46109_lll,550x350x50,9e3cde87,27-03-2026_lll_Pawar A.A,Pawar A.A,28-03-2026,lll,15,23:10:00,,,,F2,,,asd534811,550,32,,1,32,1.584722222,30-03-2026,l,Shubham pawar,13:12:00,0,1,Ok,,,,,1,0,32,100.00%,QC Checked
24bae3d1,46109_lll,250x350x50,9e3cde87,27-03-2026_lll_Pawar A.A,Pawar A.A,28-03-2026,lll,15,23:10:00,,,,F2,,,asd685787,250,15,,1,15,1.583333333,30-03-2026,l,Shubham pawar,13:10:00,1,0,Ok,0,,,,,15,0,0.00%,QC Checked
7ec8dc09,46110_lll,489x500x20,2ddee714,28-03-2026_lll_Pawar A.A,Pawar A.A,29-03-2026,lll,16,00:20:00,,,,F2,,,asd636462,489,48,,3,144,1.550694444,30-03-2026,l,Shubham pawar,13:33:00,1,2,Ok,,1,,1,,48,96,66.67%,QC Checked
40ad2b01,46110_lll,436x500x20,2ddee714,28-03-2026_lll_Pawar A.A,Pawar A.A,29-03-2026,lll,16,00:20:00,,,,F2,,,asd221530,436,43,,7,301,1.548611111,30-03-2026,l,Shubham pawar,13:30:00,5,2,Ok,,,,2,,215,86,28.57%,QC Checked
e9840c8a,46110_lll,386x500x20,2ddee714,28-03-2026_lll_Pawar A.A,Pawar A.A,29-03-2026,lll,16,00:20:00,,,,F2,,,asd143430,386,38,,3,114,1.548611111,30-03-2026,l,Shubham pawar,13:30:00,2,1,Ok,,1,,,,76,38,33.33%,QC Checked
c284c573,46110_lll,336x500x20,2ddee714,28-03-2026_lll_Pawar A.A,Pawar A.A,29-03-2026,lll,16,00:20:00,,,,F2,,,asd961942,336,34,,3,102,1.55,30-03-2026,l,Shubham pawar,13:32:00,3,0,Ok,0,,,,,102,0,0.00%,QC Checked
fcb1df9c,46110_lll,253x500x20,2ddee714,28-03-2026_lll_Pawar A.A,Pawar A.A,29-03-2026,lll,16,00:20:00,,,,F2,,,asd666794,253,26,,6,156,1.554861111,30-03-2026,l,Shubham pawar,13:39:00,6,0,Ok,0,,,,,156,0,0.00%,QC Checked
75e0ff37,46110_lll,550x350x50,2ddee714,28-03-2026_lll_Pawar A.A,Pawar A.A,29-03-2026,lll,16,00:20:00,,,,F2,,,asd534811,550,32,1,,0,1.55625,30-03-2026,l,Shubham pawar,13:41:00,0,0,Ok,0,,,,,0,0,0.00%,QC Checked
b5313b1c,46110_lll,250x350x50,2ddee714,28-03-2026_lll_Pawar A.A,Pawar A.A,29-03-2026,lll,16,00:20:00,,,,F2,,,asd685787,250,15,,1,15,1.557638889,30-03-2026,l,Shubham pawar,13:43:00,1,0,Ok,0,,,,,15,0,0.00%,QC Checked
98aeabfd,46109_lll,489x500x20,2ddee714,28-03-2026_lll_Pawar A.A,Pawar A.A,28-03-2026,lll,18,02:05:00,,,,F2,,,asd636462,489,48,,3,144,1.980196759,30-03-2026,ll,Jadhav sahil,01:36:29,1,2,Ok,,,,2,,48,96,66.67%,QC Checked
315fe229,46109_lll,436x500x20,2ddee714,28-03-2026_lll_Pawar A.A,Pawar A.A,28-03-2026,lll,18,02:05:00,,,,F2,,,asd221530,436,43,,6,258,2.066979167,30-03-2026,ll,Jadhav sahil,03:41:27,3,3,Ok,,1,,2,,129,129,50.00%,QC Checked
b40df13d,46109_lll,386x500x20,2ddee714,28-03-2026_lll_Pawar A.A,Pawar A.A,28-03-2026,lll,18,02:05:00,,,,F2,,,asd143430,386,38,,3,114,2.067280093,30-03-2026,ll,Jadhav sahil,03:41:53,2,1,Ok,,,,1,,76,38,33.33%,QC Checked
ccd64c89,46109_lll,336x500x20,2ddee714,28-03-2026_lll_Pawar A.A,Pawar A.A,28-03-2026,lll,18,02:05:00,,,,F2,,,asd961942,336,34,,3,102,2.067523148,30-03-2026,ll,Jadhav sahil,03:42:14,2,1,Ok,,1,,,,68,34,33.33%,QC Checked
b4b0bfc8,46109_lll,253x500x20,2ddee714,28-03-2026_lll_Pawar A.A,Pawar A.A,28-03-2026,lll,18,02:05:00,,,,F2,,,asd666794,253,26,,6,156,2.067708333,30-03-2026,ll,Jadhav sahil,03:42:30,6,0,Ok,,0,,,,156,0,0.00%,QC Checked
c1630fae,46109_lll,489x500x20,2ddee714,28-03-2026_lll_Pawar A.A,Pawar A.A,28-03-2026,lll,19,03:00:00,,,,F2,,,asd636462,489,48,,3,144,2.030104167,30-03-2026,ll,Jadhav sahil,03:43:21,2,1,Ok,,1,,,,96,48,33.33%,QC Checked
a60218c5,46109_lll,436x500x20,2ddee714,28-03-2026_lll_Pawar A.A,Pawar A.A,28-03-2026,lll,19,03:00:00,,,,F2,,,asd221530,436,43,,6,258,2.040694444,30-03-2026,ll,Jadhav sahil,03:58:36,2,4,Ok,,1,,3,,86,172,66.67%,QC Checked
1b8d7df7,46109_lll,386x500x20,2ddee714,28-03-2026_lll_Pawar A.A,Pawar A.A,28-03-2026,lll,19,03:00:00,,,,F2,,,asd143430,386,38,,3,114,2.040983796,30-03-2026,ll,Jadhav sahil,03:59:01,3,0,Ok,0,,,,,114,0,0.00%,QC Checked
8526eee9,46109_lll,336x500x20,2ddee714,28-03-2026_lll_Pawar A.A,Pawar A.A,28-03-2026,lll,19,03:00:00,,,,F2,,,asd961942,336,34,,3,102,2.041365741,30-03-2026,ll,Jadhav sahil,03:59:34,2,1,Ok,,1,,,,68,34,33.33%,QC Checked
20ec7105,46109_lll,253x500x20,2ddee714,28-03-2026_lll_Pawar A.A,Pawar A.A,28-03-2026,lll,19,03:00:00,,,,F2,,,asd666794,253,26,,4,104,2.041527778,30-03-2026,ll,Jadhav sahil,03:59:48,3,1,Ok,,1,,,,78,26,25.00%,QC Checked
e1b9f84f,46109_lll,489x500x20,2ddee714,28-03-2026_lll_Pawar A.A,Pawar A.A,28-03-2026,lll,20,04:00:00,,,,F2,,,asd636462,489,48,,4,192,2.000104167,30-03-2026,ll,Jadhav sahil,04:00:09,3,1,Ok,,1,,,,144,48,25.00%,QC Checked
87a56678,46109_lll,436x500x20,2ddee714,28-03-2026_lll_Pawar A.A,Pawar A.A,28-03-2026,lll,20,03:50:00,,,,F2,,,asd221530,436,43,,8,344,2.037615741,30-03-2026,ll,Jadhav sahil,04:44:10,6,2,Ok,,2,,,,258,86,25.00%,QC Checked
d75fcf0a,46109_lll,386x500x20,2ddee714,28-03-2026_lll_Pawar A.A,Pawar A.A,28-03-2026,lll,20,03:50:00,,,,F2,,,asd143430,386,38,,3,114,2.03806713,30-03-2026,ll,Jadhav sahil,04:44:49,3,0,Ok,,0,,,,114,0,0.00%,QC Checked
5b3628a6,46109_lll,336x500x20,2ddee714,28-03-2026_lll_Pawar A.A,Pawar A.A,28-03-2026,lll,20,03:50:00,,,,F2,,,asd961942,336,34,,4,136,2.038252315,30-03-2026,ll,Jadhav sahil,04:45:05,3,1,Ok,,,,1,,102,34,25.00%,QC Checked
d7be5edc,46109_lll,253x500x20,2ddee714,28-03-2026_lll_Pawar A.A,Pawar A.A,28-03-2026,lll,20,03:50:00,,,,F2,,,asd666794,253,26,,9,234,2.03849537,30-03-2026,ll,Jadhav sahil,04:45:26,8,1,Ok,,1,,,,208,26,11.11%,QC Checked
f223f0a8,46109_lll,550x350x50,2ddee714,28-03-2026_lll_Pawar A.A,Pawar A.A,28-03-2026,lll,20,03:50:00,,,,F2,,,asd534811,550,32,,1,32,2.038738426,30-03-2026,ll,Jadhav sahil,04:45:47,1,0,Ok,0,,,,,32,0,0.00%,QC Checked
7c2ea60a,46109_lll,489x500x20,2ddee714,28-03-2026_lll_Pawar A.A,Pawar A.A,28-03-2026,lll,21,04:40:00,,,,F2,,,asd636462,489,48,,2,96,2.004502315,30-03-2026,ll,Jadhav sahil,04:46:29,2,0,Ok,0,,,,,96,0,0.00%,QC Checked
0f44787a,46109_lll,436x500x20,2ddee714,28-03-2026_lll_Pawar A.A,Pawar A.A,28-03-2026,lll,21,04:40:00,,,,F2,,,asd221530,436,43,,6,258,2.049305556,30-03-2026,ll,Jadhav sahil,05:51:00,4,2,Ok,,,,2,,172,86,33.33%,QC Checked
596e002b,46109_lll,386x500x20,2ddee714,28-03-2026_lll_Pawar A.A,Pawar A.A,28-03-2026,lll,21,04:40:00,,,,F2,,,asd143430,386,38,,3,114,2.049525463,30-03-2026,ll,Jadhav sahil,05:51:19,2,1,Ok,,,,1,,76,38,33.33%,QC Checked
0cb7d855,46109_lll,336x500x20,2ddee714,28-03-2026_lll_Pawar A.A,Pawar A.A,28-03-2026,lll,21,04:40:00,,,,F2,,,asd961942,336,34,,2,68,2.049722222,30-03-2026,ll,Jadhav sahil,05:51:36,1,1,Ok,,1,,,,34,34,50.00%,QC Checked
41a94633,46109_lll,253x500x20,2ddee714,28-03-2026_lll_Pawar A.A,Pawar A.A,28-03-2026,lll,21,04:40:00,,,,F2,,,asd666794,253,26,,6,156,2.049861111,30-03-2026,ll,Jadhav sahil,05:51:48,3,3,Ok,,3,,,,78,78,50.00%,QC Checked
3a7089ed,46109_lll,550x350x50,2ddee714,28-03-2026_lll_Pawar A.A,Pawar A.A,28-03-2026,lll,21,04:40:00,,,,F2,,,asd534811,550,32,,1,32,2.050081019,30-03-2026,ll,Jadhav sahil,05:52:07,1,0,Ok,0,,,,,32,0,0.00%,QC Checked
1048b5b6,46109_lll,250x350x50,2ddee714,28-03-2026_lll_Pawar A.A,Pawar A.A,28-03-2026,lll,21,04:40:00,,,,F2,,,asd685787,250,15,,1,15,2.050231481,30-03-2026,ll,Jadhav sahil,05:52:20,1,0,Ok,0,,,,,15,0,0.00%,QC Checked
ff8c9ba1,46109_lll,489x500x20,2ddee714,28-03-2026_lll_Pawar A.A,Pawar A.A,28-03-2026,lll,22,05:40:00,,,,F2,,,asd636462,489,48,,4,192,2.008946759,30-03-2026,ll,Jadhav sahil,05:52:53,4,0,Ok,0,,,,,192,0,0.00%,QC Checked
235624ee,46109_lll,436x500x20,2ddee714,28-03-2026_lll_Pawar A.A,Pawar A.A,28-03-2026,lll,22,05:40:00,,,,F2,,,asd221530,436,43,,8,344,2.056203704,30-03-2026,ll,Jadhav sahil,07:00:56,7,1,Ok,,1,,,,301,43,12.50%,QC Checked
b98ba157,46109_lll,386x500x20,2ddee714,28-03-2026_lll_Pawar A.A,Pawar A.A,28-03-2026,lll,22,05:40:00,,,,F2,,,asd143430,386,38,,4,152,2.056365741,30-03-2026,ll,Jadhav sahil,07:01:10,1,3,Ok,,3,,,,38,114,75.00%,QC Checked
7200e48d,46109_lll,336x500x20,2ddee714,28-03-2026_lll_Pawar A.A,Pawar A.A,28-03-2026,lll,22,05:40:00,,,,F2,,,asd961942,336,34,,5,170,2.056631944,30-03-2026,ll,Jadhav sahil,07:01:33,4,1,Ok,,1,,,,136,34,20.00%,QC Checked
5d66924d,46109_lll,253x500x20,2ddee714,28-03-2026_lll_Pawar A.A,Pawar A.A,28-03-2026,lll,22,05:40:00,,,,F2,,,asd666794,253,26,,8,208,2.056805556,30-03-2026,ll,Jadhav sahil,07:01:48,6,2,Ok,,2,,,,156,52,25.00%,QC Checked
17dc33e0,46109_lll,550x350x50,2ddee714,28-03-2026_lll_Pawar A.A,Pawar A.A,28-03-2026,lll,22,05:40:00,,,,F2,,,asd534811,550,32,,1,32,2.057002315,30-03-2026,ll,Jadhav sahil,07:02:05,1,0,Ok,0,,,,,32,0,0.00%,QC Checked
dbfeef96,46109_lll,250x350x50,2ddee714,28-03-2026_lll_Pawar A.A,Pawar A.A,28-03-2026,lll,22,05:40:00,,,,F2,,,asd685787,250,15,,1,15,2.057222222,30-03-2026,ll,Jadhav sahil,07:02:24,1,0,Ok,0,,,,,15,0,0.00%,QC Checked
c601032b,46109_l,489x500x20,99767965,28-03-2026_l_Dhumal K.V.,Dhumal K.V.,28-03-2026,l,46,06:30:00,1096,1210,810,F2,803,32,asd636462,489,48,0,2,96,1.166018519,29-03-2026,ll,Jadhav sahil,10:29:04,1,1,Ok,,1,,,,48,48,50.00%,QC Checked
acc3f351,46109_l,436x500x20,99767965,28-03-2026_l_Dhumal K.V.,Dhumal K.V.,28-03-2026,l,46,06:30:00,1096,1210,810,F2,803,30,asd221530,436,43,0,4,172,1.167094907,29-03-2026,ll,Jadhav sahil,10:30:37,3,1,Ok,,1,,,,129,43,25.00%,QC Checked
e631c437,46109_l,386x500x20,99767965,28-03-2026_l_Dhumal K.V.,Dhumal K.V.,28-03-2026,l,46,06:30:00,1096,1210,810,F2,803,30,asd143430,386,38,0,2,76,1.167349537,29-03-2026,ll,Jadhav sahil,10:30:59,2,0,Ok,,,0,,,76,0,0.00%,QC Checked
98f48307,46109_l,336x500x20,99767965,28-03-2026_l_Dhumal K.V.,Dhumal K.V.,28-03-2026,l,46,06:30:00,1096,1210,810,F2,803,30,asd961942,336,34,0,2,68,1.167592593,29-03-2026,ll,Jadhav sahil,10:31:20,2,0,Ok,0,0,0,0,0,68,0,0.00%,QC Checked
a6b58647,46109_l,253x500x20,99767965,28-03-2026_l_Dhumal K.V.,Dhumal K.V.,28-03-2026,l,46,06:30:00,1096,1210,810,F2,803,30,asd666794,253,26,0,4,104,1.167800926,29-03-2026,ll,Jadhav sahil,10:31:38,4,0,Ok,0,,,,,104,0,0.00%,QC Checked
367217a2,46109_l,250x350x50,99767965,28-03-2026_l_Dhumal K.V.,Dhumal K.V.,28-03-2026,l,46,06:30:00,1096,1210,810,F2,803,30,asd685787,250,15,0,1,15,1.168009259,29-03-2026,ll,Jadhav sahil,10:31:56,0,1,Ok,,,,,1,0,15,100.00%,QC Checked
a4ca55e5,46109_l,489x500x20,99767965,28-03-2026_l_Dhumal K.V.,Dhumal K.V.,28-03-2026,l,47,07:30:00,1096,1210,810,F2,803,32,asd636462,489,48,0,3,144,1.126597222,29-03-2026,ll,Jadhav sahil,10:32:18,3,0,Ok,0,,,,,144,0,0.00%,QC Checked
63bf9200,46109_l,436x500x20,99767965,28-03-2026_l_Dhumal K.V.,Dhumal K.V.,28-03-2026,l,47,07:30:00,1096,1210,810,F2,803,30,asd221530,436,43,0,5,215,1.127326389,29-03-2026,ll,Jadhav sahil,10:33:21,5,0,Ok,0,,,,,215,0,0.00%,QC Checked
48b5fb29,46109_l,386x500x20,99767965,28-03-2026_l_Dhumal K.V.,Dhumal K.V.,28-03-2026,l,47,07:30:00,1096,1210,810,F2,803,30,asd143430,386,38,,2,76,1.127650463,29-03-2026,ll,Jadhav sahil,10:33:49,0,2,Ok,,2,,,,0,76,100.00%,QC Checked
6086dea8,46109_l,336x500x20,99767965,28-03-2026_l_Dhumal K.V.,Dhumal K.V.,28-03-2026,l,47,07:30:00,1096,1210,810,F2,803,30,asd961942,336,34,0,2,68,1.1278125,29-03-2026,ll,Jadhav sahil,10:34:03,2,0,Ok,,0,,,,68,0,0.00%,QC Checked
cf778e0d,46109_l,253x500x20,99767965,28-03-2026_l_Dhumal K.V.,Dhumal K.V.,28-03-2026,l,47,07:30:00,1096,1210,810,F2,803,30,asd666794,253,26,0,4,104,1.128020833,29-03-2026,ll,Jadhav sahil,10:34:21,2,2,Ok,,2,,,,52,52,50.00%,QC Checked
3b1da360,46109_l,550x350x50,99767965,28-03-2026_l_Dhumal K.V.,Dhumal K.V.,28-03-2026,l,47,07:30:00,1096,1210,810,F2,803,30,asd534811,550,32,0,2,64,1.128171296,29-03-2026,ll,Jadhav sahil,10:34:34,1,1,Ok,,,,,1,32,32,50.00%,QC Checked
d0551728,46109_l,489x500x20,99767965,28-03-2026_l_Dhumal K.V.,Dhumal K.V.,28-03-2026,l,48,08:20:00,1096,1210,810,F2,803,32,asd636462,489,48,0,4,192,1.093634259,29-03-2026,ll,Jadhav sahil,10:34:50,3,1,Ok,,1,,,,144,48,25.00%,QC Checked
109f7941,46109_l,436x500x20,99767965,28-03-2026_l_Dhumal K.V.,Dhumal K.V.,28-03-2026,l,48,08:20:00,1096,1210,810,F2,803,30,asd221530,436,43,0,7,301,1.093958333,29-03-2026,ll,Jadhav sahil,10:35:18,5,2,Ok,,2,,,,215,86,28.57%,QC Checked
9bac36e9,46109_l,386x500x20,99767965,28-03-2026_l_Dhumal K.V.,Dhumal K.V.,28-03-2026,l,48,08:20:00,1096,1210,810,F2,803,30,asd143430,386,38,0,3,114,1.094236111,29-03-2026,ll,Jadhav sahil,10:35:42,3,0,Ok,,0,,,,114,0,0.00%,QC Checked
3261d193,46109_l,336x500x20,99767965,28-03-2026_l_Dhumal K.V.,Dhumal K.V.,28-03-2026,l,48,08:20:00,1096,1210,810,F2,803,30,asd961942,336,34,0,3,102,1.09443287,29-03-2026,ll,Jadhav sahil,10:35:59,3,0,Ok,0,,,,,102,0,0.00%,QC Checked
ade95b6f,46109_l,253x500x20,99767965,28-03-2026_l_Dhumal K.V.,Dhumal K.V.,28-03-2026,l,48,08:20:00,1096,1210,810,F2,803,30,asd666794,253,26,0,5,130,1.09462963,29-03-2026,ll,Jadhav sahil,10:36:16,4,1,Ok,,1,,,,104,26,20.00%,QC Checked
c7d013cd,46109_l,250x350x50,99767965,28-03-2026_l_Dhumal K.V.,Dhumal K.V.,28-03-2026,l,48,08:20:00,1096,1210,810,F2,803,30,asd685787,250,15,0,2,30,1.094837963,29-03-2026,ll,Jadhav sahil,10:36:34,0,2,Ok,,,,,2,0,30,100.00%,QC Checked
14c5787f,46109_l,489x500x20,99767965,28-03-2026_l_Dhumal K.V.,Dhumal K.V.,28-03-2026,l,49,09:20:00,1103,1210,810,F2,843,32,asd636462,489,48,0,4,192,1.053333333,29-03-2026,ll,Jadhav sahil,10:36:48,1,3,Ok,,2,,1,,48,144,75.00%,QC Checked
7074e7b2,46109_l,436x500x20,99767965,28-03-2026_l_Dhumal K.V.,Dhumal K.V.,28-03-2026,l,49,09:20:00,1103,1210,810,F2,843,30,asd221530,436,43,0,7,301,1.053888889,29-03-2026,ll,Jadhav sahil,10:37:36,6,1,Ok,,1,,,,258,43,14.29%,QC Checked
359de950,46109_l,386x500x20,99767965,28-03-2026_l_Dhumal K.V.,Dhumal K.V.,28-03-2026,l,49,09:20:00,1103,1210,810,F2,843,30,asd143430,386,38,0,4,152,1.054097222,29-03-2026,ll,Jadhav sahil,10:37:54,4,0,Ok,,0,,,,152,0,0.00%,QC Checked
27128a6c,46109_l,336x500x20,99767965,28-03-2026_l_Dhumal K.V.,Dhumal K.V.,28-03-2026,l,49,09:20:00,1103,1210,810,F2,843,30,asd961942,336,34,0,4,136,1.054259259,29-03-2026,ll,Jadhav sahil,10:38:08,3,1,Ok,,1,,,,102,34,25.00%,QC Checked
8bb40596,46109_l,253x500x20,99767965,28-03-2026_l_Dhumal K.V.,Dhumal K.V.,28-03-2026,l,49,09:20:00,1103,1210,810,F2,843,30,asd666794,253,26,0,7,182,1.054479167,29-03-2026,ll,Jadhav sahil,10:38:27,6,1,Ok,,1,,,,156,26,14.29%,QC Checked
1a8cb5cc,46109_l,550x350x50,99767965,28-03-2026_l_Dhumal K.V.,Dhumal K.V.,28-03-2026,l,49,09:20:00,1103,1210,810,F2,843,30,asd534811,550,32,0,2,64,1.054722222,29-03-2026,ll,Jadhav sahil,10:38:48,2,0,Ok,,,0,,,64,0,0.00%,QC Checked
b5d3c9bc,46109_l,250x350x50,99767965,28-03-2026_l_Dhumal K.V.,Dhumal K.V.,28-03-2026,l,49,09:20:00,1103,1210,810,F2,843,30,asd685787,250,15,0,1,15,1.054884259,29-03-2026,ll,Jadhav sahil,10:39:02,1,0,Ok,,,0,,,15,0,0.00%,QC Checked
8ccc646f,46109_l,489x500x20,99767965,28-03-2026_l_Dhumal K.V.,Dhumal K.V.,28-03-2026,l,1,10:20:00,1103,1210,810,F2,843,32,asd636462,489,48,0,4,192,1.013333333,29-03-2026,lll,Kanase.sv,10:39:12,1,3,Ok,,1,1,1,,48,144,75.00%,QC Checked
ca9f8e27,46109_l,436x500x20,99767965,28-03-2026_l_Dhumal K.V.,Dhumal K.V.,28-03-2026,l,1,10:20:00,1103,1210,810,F2,843,32,asd221530,436,43,,8,344,1.013831019,29-03-2026,lll,Kanase.sv,10:39:55,6,2,Ok,,2,,,,258,86,25.00%,QC Checked
648fb1fe,46109_l,386x500x20,99767965,28-03-2026_l_Dhumal K.V.,Dhumal K.V.,28-03-2026,l,1,10:20:00,1103,1210,810,F2,843,32,asd143430,386,38,,4,152,1.014178241,29-03-2026,lll,Kanase.sv,10:40:25,4,0,Ok,,0,,,,152,0,0.00%,QC Checked
f16bfd42,46109_l,336x500x20,99767965,28-03-2026_l_Dhumal K.V.,Dhumal K.V.,28-03-2026,l,1,10:20:00,1103,1210,810,F2,843,30,asd961942,336,34,,4,136,1.014351852,29-03-2026,lll,Kanase.sv,10:40:40,4,0,Ok,,0,,,,136,0,0.00%,QC Checked
f6817910,46109_l,253x500x20,99767965,28-03-2026_l_Dhumal K.V.,Dhumal K.V.,28-03-2026,l,1,10:20:00,1103,1210,810,F2,843,30,5fc89043,253,26,0,8,208,1.014560185,29-03-2026,lll,Kanase.sv,10:40:58,8,0,Ok,,,0,,,208,0,0.00%,QC Checked
c7221840,46109_l,550x350x50,99767965,28-03-2026_l_Dhumal K.V.,Dhumal K.V.,28-03-2026,l,1,10:20:00,1103,1210,810,F2,843,30,asd534811,550,32,,2,64,1.014756944,29-03-2026,,Kanase.sv,10:41:15,2,0,Ok,,0,,,,64,0,0.00%,QC Checked
3fc5b6f5,46109_l,250x350x50,99767965,28-03-2026_l_Dhumal K.V.,Dhumal K.V.,28-03-2026,l,1,10:20:00,1103,1210,810,F2,843,30,asd685787,250,15,,2,30,1.014895833,29-03-2026,lll,Kanase.sv,10:41:27,2,0,Ok,,,0,,,30,0,0.00%,QC Checked
5783ba3e,46109_l,489x500x20,99767965,28-03-2026_l_Dhumal K.V.,Dhumal K.V.,28-03-2026,l,2,11:10:00,1103,1210,810,F2,843,32,asd636462,489,48,,3,144,0.9803125,29-03-2026,lll,Kanase.sv,10:41:39,2,1,Ok,,1,,,,96,48,33.33%,QC Checked
4f898e50,46109_l,436x500x20,99767965,28-03-2026_l_Dhumal K.V.,Dhumal K.V.,28-03-2026,l,2,11:10:00,1103,1210,810,F2,843,30,asd221530,436,43,,6,258,0.9807407407,29-03-2026,lll,Kanase.sv,10:42:16,5,1,Ok,,1,,,,215,43,16.67%,QC Checked
e763cc89,46109_l,386x500x20,99767965,28-03-2026_l_Dhumal K.V.,Dhumal K.V.,28-03-2026,l,2,11:10:00,1103,1210,810,F2,843,30,asd143430,386,38,,3,114,0.9809490741,29-03-2026,lll,Kanase.sv,10:42:34,3,0,Ok,,,0,,,114,0,0.00%,QC Checked
fc610839,46109_l,336x500x20,99767965,28-03-2026_l_Dhumal K.V.,Dhumal K.V.,28-03-2026,l,2,11:10:00,1103,1210,810,F2,843,30,asd961942,336,34,,3,102,0.9811458333,29-03-2026,lll,Kanase.sv,10:42:51,3,0,Ok,0,,,,,102,0,0.00%,QC Checked
16b2122a,46109_l,253x500x20,99767965,28-03-2026_l_Dhumal K.V.,Dhumal K.V.,28-03-2026,l,2,11:10:00,1103,1210,810,F2,843,30,asd666794,253,26,,5,130,0.9813657407,29-03-2026,lll,Kanase.sv,10:43:10,3,2,Ok,,2,,,,78,52,40.00%,QC Checked
ef32499c,46109_l,550x350x50,99767965,28-03-2026_l_Dhumal K.V.,Dhumal K.V.,28-03-2026,l,2,11:10:00,1103,1210,810,F2,843,30,asd534811,550,32,,1,32,0.9815162037,29-03-2026,lll,Kanase.sv,10:43:23,1,0,Ok,,,0,,,32,0,0.00%,QC Checked
2904c6da,46109_l,250x350x50,99767965,28-03-2026_l_Dhumal K.V.,Dhumal K.V.,28-03-2026,l,2,11:10:00,1103,1210,810,F2,843,30,asd685787,250,15,,1,15,0.9816666667,29-03-2026,lll,Kanase.sv,10:43:36,1,0,Ok,,0,,,,15,0,0.00%,QC Checked
0803cc29,46109_l,489x500x20,99767965,28-03-2026_l_Dhumal K.V.,Dhumal K.V.,28-03-2026,l,3,12:10:00,1103,1210,810,F2,843,32,asd636462,489,48,,2,96,0.9401273148,29-03-2026,lll,Kanase.sv,10:43:47,1,1,Ok,,,,1,,48,48,50.00%,QC Checked
9818aa92,46109_l,436x500x20,99767965,28-03-2026_l_Dhumal K.V.,Dhumal K.V.,28-03-2026,l,3,12:10:00,1103,1210,810,F2,843,32,asd221530,436,43,,5,215,0.940474537,29-03-2026,lll,Kanase.sv,10:44:17,4,1,Ok,,1,,,,172,43,20.00%,QC Checked
66d1f995,46109_l,386x500x20,99767965,28-03-2026_l_Dhumal K.V.,Dhumal K.V.,28-03-2026,l,3,12:10:00,1103,1210,810,F2,843,32,asd143430,386,38,,2,76,0.9407175926,29-03-2026,lll,Kanase.sv,10:44:38,2,0,Ok,,0,,,,76,0,0.00%,QC Checked
508b3a41,46109_l,336x500x20,99767965,28-03-2026_l_Dhumal K.V.,Dhumal K.V.,28-03-2026,l,3,12:10:00,1103,1210,810,F2,843,30,asd961942,336,34,,2,68,0.9409143518,29-03-2026,lll,Kanase.sv,10:44:55,2,0,Ok,,,0,,,68,0,0.00%,QC Checked
926d5e77,46109_l,253x500x20,99767965,28-03-2026_l_Dhumal K.V.,Dhumal K.V.,28-03-2026,l,3,12:10:00,1103,1210,810,F2,843,30,asd666794,253,26,,4,104,0.941099537,29-03-2026,lll,Kanase.sv,10:45:11,3,1,Ok,,1,,,,78,26,25.00%,QC Checked
5c162ba7,46109_l,550x350x50,99767965,28-03-2026_l_Dhumal K.V.,Dhumal K.V.,28-03-2026,l,3,12:10:00,1103,1210,810,F2,843,30,asd534811,550,32,,2,64,0.9412731481,29-03-2026,lll,Kanase.sv,10:45:26,0,2,Ok,,,,,2,0,64,100.00%,QC Checked
bfdb0dcb,46109_l,489x500x20,99767965,28-03-2026_l_Dhumal K.V.,Dhumal K.V.,28-03-2026,l,4,13:10:00,1103,1210,810,F2,843,32,asd636462,489,48,,3,144,0.8997916667,29-03-2026,lll,Kanase.sv,10:45:42,2,1,Ok,,1,,,,96,48,33.33%,QC Checked
5424f645,46109_l,436x500x20,99767965,28-03-2026_l_Dhumal K.V.,Dhumal K.V.,28-03-2026,l,4,13:10:00,1103,,,F2,843,30,asd221530,436,43,,8,344,0.9015162037,29-03-2026,lll,Kanase.sv,10:48:11,7,1,Ok,,1,,,,301,43,12.50%,QC Checked
0c7af066,46109_l,386x500x20,99767965,28-03-2026_l_Dhumal K.V.,Dhumal K.V.,28-03-2026,l,4,13:10:00,1103,1210,810,F2,843,30,asd143430,386,38,,4,152,0.9031365741,29-03-2026,lll,Kanase.sv,10:50:31,4,0,Ok,,0,,,,152,0,0.00%,QC Checked
35448c1a,46109_l,336x500x20,99767965,28-03-2026_l_Dhumal K.V.,Dhumal K.V.,28-03-2026,l,4,13:10:00,1103,1210,810,F2,843,30,asd961942,336,34,,4,136,0.9039467593,29-03-2026,lll,Kanase.sv,10:51:41,4,0,Ok,,0,,,,136,0,0.00%,QC Checked
22f8b253,46109_l,253x500x20,99767965,28-03-2026_l_Dhumal K.V.,Dhumal K.V.,28-03-2026,l,4,13:10:00,1103,1210,810,F2,843,30,asd666794,253,26,,8,208,0.9041550926,29-03-2026,lll,Kanase.sv,10:51:59,7,1,Ok,,1,,,,182,26,12.50%,QC Checked
8cecbfaf,46109_l,550x350x50,99767965,28-03-2026_l_Dhumal K.V.,Dhumal K.V.,28-03-2026,l,4,13:10:00,1103,1210,810,F2,843,30,asd534811,550,32,,2,64,0.9043171296,29-03-2026,lll,Kanase.sv,10:52:13,1,1,Ok,,1,,,,32,32,50.00%,QC Checked
6fade2a4,46109_l,250x350x50,99767965,28-03-2026_l_Dhumal K.V.,Dhumal K.V.,28-03-2026,l,4,13:10:00,1103,,,F2,843,30,asd685787,250,15,,2,30,0.9050694444,29-03-2026,lll,Kanase.sv,10:53:18,2,0,Ok,,,0,,,30,0,0.00%,QC Checked
30dc92d2,46109_l,489x500x20,99767965,28-03-2026_l_Dhumal K.V.,Dhumal K.V.,28-03-2026,l,5,14:00:00,1118,1210,810,F2,806,32,asd636462,489,48,,5,240,0.8711342593,29-03-2026,lll,Kanase.sv,10:54:26,4,1,Ok,,1,,,,192,48,20.00%,QC Checked
b662cc0a,46109_l,436x500x20,99767965,28-03-2026_l_Dhumal K.V.,Dhumal K.V.,28-03-2026,l,5,14:00:00,1118,1210,810,F2,806,30,asd221530,436,43,,8,344,0.8720486111,29-03-2026,lll,Kanase.sv,10:55:45,7,1,Ok,,1,,,,301,43,12.50%,QC Checked
1a9f8517,46109_l,386x500x20,99767965,28-03-2026_l_Dhumal K.V.,Dhumal K.V.,28-03-2026,l,5,14:00:00,1118,1210,810,F2,806,30,asd143430,386,38,,3,114,0.8722916667,29-03-2026,lll,Kanase.sv,10:56:06,3,0,Ok,,,0,,,114,0,0.00%,QC Checked
c7a2d894,46109_l,336x500x20,99767965,28-03-2026_l_Dhumal K.V.,Dhumal K.V.,28-03-2026,l,5,14:00:00,1118,1210,810,F2,806,30,asd961942,336,34,,3,102,0.8725694444,29-03-2026,lll,Kanase.sv,10:56:30,3,0,Ok,,0,,,,102,0,0.00%,QC Checked
ec2e6d41,46109_l,253x500x20,99767965,28-03-2026_l_Dhumal K.V.,Dhumal K.V.,28-03-2026,l,5,14:00:00,1118,1210,810,F2,806,30,5fc89043,253,26,,6,156,0.8727430556,29-03-2026,lll,Kanase.sv,10:56:45,5,1,Ok,,1,,,,130,26,16.67%,QC Checked
aa2c2169,46109_l,550x350x50,99767965,28-03-2026_l_Dhumal K.V.,Dhumal K.V.,28-03-2026,l,5,14:00:00,1118,1210,810,F2,806,30,asd534811,550,32,,2,64,0.872962963,29-03-2026,lll,Kanase.sv,10:57:04,1,1,Ok,,1,,,,32,32,50.00%,QC Checked
2ebd3cfa,46110_l,489x500x20,990ae013,29-03-2026_l_Dhumal K.V.,Dhumal K.V.,29-03-2026,l,23,06:40:00,1085,1210,810,F2,834,32,asd636462,489,48,0,3,144,1.185127315,30-03-2026,ll,Jadhav sahil,11:06:35,1,2,Ok,,1,,1,,48,96,66.67%,QC Checked
b8e3eb47,46110_l,436x500x20,990ae013,29-03-2026_l_Dhumal K.V.,Dhumal K.V.,29-03-2026,l,23,06:40:00,1085,1210,810,F2,834,30,asd221530,436,43,0,6,258,1.18599537,30-03-2026,ll,Jadhav sahil,11:07:50,6,0,Ok,0,,,,,258,0,0.00%,QC Checked
d5cccc7f,46110_l,386x500x20,990ae013,29-03-2026_l_Dhumal K.V.,Dhumal K.V.,29-03-2026,l,23,06:40:00,1085,1210,810,F2,834,30,asd143430,386,38,0,4,152,1.186354167,30-03-2026,ll,Jadhav sahil,11:08:21,2,2,Ok,,2,,,,76,76,50.00%,QC Checked
69e3f7e8,46110_l,336x500x20,990ae013,29-03-2026_l_Dhumal K.V.,Dhumal K.V.,29-03-2026,l,23,06:40:00,1085,1210,810,F2,834,30,asd961942,336,34,0,3,102,1.186863426,30-03-2026,ll,Jadhav sahil,11:09:05,3,0,Ok,0,,,,,102,0,0.00%,QC Checked
b48b5684,46110_l,253x500x20,990ae013,29-03-2026_l_Dhumal K.V.,Dhumal K.V.,29-03-2026,l,23,06:40:00,1085,1210,810,F2,834,30,asd666794,253,26,0,6,156,1.187268519,30-03-2026,ll,Jadhav sahil,11:09:40,6,0,Ok,0,,,,,156,0,0.00%,QC Checked
95631295,46110_l,550x350x50,990ae013,29-03-2026_l_Dhumal K.V.,Dhumal K.V.,29-03-2026,l,23,06:40:00,1085,1210,810,F2,834,30,asd534811,550,32,,1,32,1.187534722,30-03-2026,ll,Jadhav sahil,11:10:03,0,1,Ok,,,,,1,0,32,100.00%,QC Checked
9fe9b5d6,46110_l,489x500x20,990ae013,29-03-2026_l_Dhumal K.V.,Dhumal K.V.,29-03-2026,l,24,07:40:00,1085,1210,810,F2,834,32,asd636462,489,48,0,4,192,1.146064815,30-03-2026,ll,Jadhav sahil,11:10:20,2,2,Ok,,2,,,,96,96,50.00%,QC Checked
a191b95b,46110_l,436x500x20,990ae013,29-03-2026_l_Dhumal K.V.,Dhumal K.V.,29-03-2026,l,24,07:40:00,1085,1210,810,F2,834,30,asd221530,436,43,,7,301,1.14650463,30-03-2026,ll,Jadhav sahil,11:10:58,7,0,Ok,0,,,,,301,0,0.00%,QC Checked
c8fe3221,46110_l,386x500x20,990ae013,29-03-2026_l_Dhumal K.V.,Dhumal K.V.,29-03-2026,l,24,07:40:00,1085,1210,810,F2,834,30,asd143430,386,38,0,3,114,1.146875,30-03-2026,ll,Jadhav sahil,11:11:30,2,1,Ok,,1,,,,76,38,33.33%,QC Checked
a83c1056,46110_l,336x500x20,990ae013,29-03-2026_l_Dhumal K.V.,Dhumal K.V.,29-03-2026,l,24,07:40:00,1085,1210,810,F2,834,30,asd961942,336,34,,3,102,1.147384259,30-03-2026,ll,Jadhav sahil,11:12:14,2,1,Ok,,1,,,,68,34,33.33%,QC Checked
7cfe913b,46110_l,253x500x20,990ae013,29-03-2026_l_Dhumal K.V.,Dhumal K.V.,29-03-2026,l,24,07:40:00,1085,1210,810,F2,834,30,asd666794,253,26,,6,156,1.147569444,30-03-2026,ll,Jadhav sahil,11:12:30,6,0,Ok,0,,,,,156,0,0.00%,QC Checked
a74935fc,46110_l,550x350x50,990ae013,29-03-2026_l_Dhumal K.V.,Dhumal K.V.,29-03-2026,l,24,07:40:00,1085,1210,810,F2,834,30,asd534811,550,32,,1,32,1.148865741,30-03-2026,ll,Jadhav sahil,11:14:22,0,1,Ok,,,,,1,0,32,100.00%,QC Checked
1812d4d9,46110_l,250x350x50,990ae013,29-03-2026_l_Dhumal K.V.,Dhumal K.V.,29-03-2026,l,24,07:40:00,1085,1210,810,F2,834,30,asd685787,250,15,,1,15,1.149016204,30-03-2026,ll,Jadhav sahil,11:14:35,1,0,Ok,0,,,,,15,0,0.00%,QC Checked
864d3ea6,46110_l,489x500x20,990ae013,29-03-2026_l_Dhumal K.V.,Dhumal K.V.,29-03-2026,l,25,08:30:00,1099,1210,810,F2,818,32,asd636462,489,48,0,4,192,1.149837963,30-03-2026,ll,Jadhav sahil,12:05:46,3,1,Ok,,1,,,,144,48,25.00%,QC Checked
fac68f2e,46110_l,436x500x20,990ae013,29-03-2026_l_Dhumal K.V.,Dhumal K.V.,29-03-2026,l,25,08:30:00,1099,1210,810,F2,818,30,asd221530,436,43,0,6,258,1.150972222,30-03-2026,ll,Jadhav sahil,12:07:24,2,4,Ok,,2,,2,,86,172,66.67%,QC Checked
874b1052,46110_l,386x500x20,990ae013,29-03-2026_l_Dhumal K.V.,Dhumal K.V.,29-03-2026,l,25,08:30:00,1099,1210,810,F2,818,30,asd143430,386,38,0,2,76,1.151273148,30-03-2026,ll,Jadhav sahil,12:07:50,2,0,Ok,0,,,,,76,0,0.00%,QC Checked
16f89877,46110_l,336x500x20,990ae013,29-03-2026_l_Dhumal K.V.,Dhumal K.V.,29-03-2026,l,25,08:30:00,1099,1210,810,F2,818,30,asd961942,336,34,0,2,68,1.151724537,30-03-2026,ll,Jadhav sahil,12:08:29,2,0,Ok,0,,,,,68,0,0.00%,QC Checked
cc22b0bb,46110_l,253x500x20,990ae013,29-03-2026_l_Dhumal K.V.,Dhumal K.V.,29-03-2026,l,25,08:30:00,1099,1210,810,F2,818,30,asd666794,253,26,0,4,104,1.151875,30-03-2026,ll,Jadhav sahil,12:08:42,4,0,Ok,,0,,,,104,0,0.00%,QC Checked
37f3c2a6,46110_l,550x350x50,990ae013,29-03-2026_l_Dhumal K.V.,Dhumal K.V.,29-03-2026,l,25,08:30:00,1099,1210,810,F2,818,30,asd534811,550,32,0,2,64,1.152071759,30-03-2026,ll,Jadhav sahil,12:08:59,2,0,Ok,0,,,,,64,0,0.00%,QC Checked
25e11e91,46110_l,489x500x20,990ae013,29-03-2026_l_Dhumal K.V.,Dhumal K.V.,29-03-2026,l,26,09:30:00,1099,1210,805,F2,818,32,asd636462,489,48,0,4,192,1.110636574,30-03-2026,ll,Jadhav sahil,12:09:19,2,2,Ok,,1,,1,,96,96,50.00%,QC Checked
8ed07249,46110_l,436x500x20,990ae013,29-03-2026_l_Dhumal K.V.,Dhumal K.V.,29-03-2026,l,26,09:30:00,1099,1210,805,F2,818,30,asd221530,436,43,0,8,344,1.111099537,30-03-2026,ll,Jadhav sahil,12:09:59,6,2,Ok,,,,2,,258,86,25.00%,QC Checked
546fcb8e,46110_l,386x500x20,990ae013,29-03-2026_l_Dhumal K.V.,Dhumal K.V.,29-03-2026,l,26,09:30:00,1099,1210,805,F2,818,30,asd143430,386,38,0,4,152,1.111377315,30-03-2026,ll,Jadhav sahil,12:10:23,2,2,Ok,,,,2,,76,76,50.00%,QC Checked
7d7ca9b6,46110_l,336x500x20,990ae013,29-03-2026_l_Dhumal K.V.,Dhumal K.V.,29-03-2026,l,26,09:30:00,1099,1210,805,F2,818,30,asd961942,336,34,0,4,136,1.111678241,30-03-2026,ll,Jadhav sahil,12:10:49,3,1,Ok,,,,1,,102,34,25.00%,QC Checked
68cb118b,46110_l,253x500x20,990ae013,29-03-2026_l_Dhumal K.V.,Dhumal K.V.,29-03-2026,l,26,09:30:00,1099,1210,805,F2,818,30,5fc89043,253,26,0,7,182,1.111840278,30-03-2026,ll,Jadhav sahil,12:11:03,5,2,Ok,,1,,1,,130,52,28.57%,QC Checked
a5635a08,46110_l,550x350x50,990ae013,29-03-2026_l_Dhumal K.V.,Dhumal K.V.,29-03-2026,l,26,09:30:00,1099,1210,805,F2,818,30,asd534811,550,32,0,2,64,1.112060185,30-03-2026,ll,Jadhav sahil,12:11:22,1,1,Ok,,1,,,0,32,32,50.00%,QC Checked
8f383f37,46110_l,250x350x50,990ae013,29-03-2026_l_Dhumal K.V.,Dhumal K.V.,29-03-2026,l,26,09:30:00,1099,1210,805,F2,818,30,asd685787,250,15,0,1,15,1.112233796,30-03-2026,ll,Jadhav sahil,12:11:37,0,1,Ok,,1,,,,0,15,100.00%,QC Checked
bc03d276,46110_l,489x500x20,990ae013,29-03-2026_l_Dhumal K.V.,Dhumal K.V.,29-03-2026,l,27,10:20:00,1118,1210,805,F2,813,32,asd636462,489,48,0,4,192,1.08,30-03-2026,lll,Kanase Suraj,12:15:12,1,3,Ok,,2,1,,,48,144,75.00%,QC Checked
3567ea5b,46110_l,436x500x20,990ae013,29-03-2026_l_Dhumal K.V.,Dhumal K.V.,29-03-2026,l,27,10:20:00,1118,1210,805,F2,813,30,asd221530,436,43,0,8,344,1.080868056,30-03-2026,lll,Kanase Suraj,12:16:27,5,3,Ok,,3,,,,215,129,37.50%,QC Checked
8fbc6454,46110_l,386x500x20,990ae013,29-03-2026_l_Dhumal K.V.,Dhumal K.V.,29-03-2026,l,27,10:20:00,1118,1210,805,F2,813,30,asd143430,386,38,0,4,152,1.081203704,30-03-2026,lll,Kanase Suraj,12:16:56,4,0,Ok,,0,,,,152,0,0.00%,QC Checked
,,,,,,,,,,,,,,,,,,,,,,,,,,,,,,,,,,,,,,
b432a5ce,46110_l,253x500x20,990ae013,29-03-2026_l_Dhumal K.V.,Dhumal K.V.,29-03-2026,l,27,10:20:00,1118,1210,805,F2,813,30,5fc89043,253,26,0,7,182,1.082002315,30-03-2026,lll,Kanase Suraj,12:18:05,7,0,Ok,,0,0,,,182,0,0.00%,QC Checked
991fa2fc,46110_l,550x350x50,990ae013,29-03-2026_l_Dhumal K.V.,Dhumal K.V.,29-03-2026,l,27,10:20:00,1118,1210,805,F2,813,30,asd534811,550,32,0,2,64,1.082291667,30-03-2026,lll,Kanase Suraj,12:18:30,2,0,Ok,,,,0,,64,0,0.00%,QC Checked
84a031b3,46110_l,489x500x20,990ae013,29-03-2026_l_Dhumal K.V.,Dhumal K.V.,29-03-2026,l,28,11:10:00,1118,1210,805,F2,806,32,asd636462,489,48,0,3,144,1.122418981,30-03-2026,lll,Kanase Suraj,14:06:17,0,3,Ok,,1,2,,,0,144,100.00%,QC Checked
5a1f6334,46110_l,436x500x20,990ae013,29-03-2026_l_Dhumal K.V.,Dhumal K.V.,29-03-2026,l,28,11:10:00,1118,1210,805,F2,806,30,asd221530,436,43,0,6,258,1.123344907,30-03-2026,lll,Kanase Suraj,14:07:37,6,0,Ok,,0,,,,258,0,0.00%,QC Checked
5a2c5b5f,46110_l,386x500x20,990ae013,29-03-2026_l_Dhumal K.V.,Dhumal K.V.,29-03-2026,l,28,11:10:00,1118,1210,805,F2,806,30,asd143430,386,38,0,3,114,1.123784722,30-03-2026,lll,Kanase Suraj,14:08:15,3,0,Ok,,0,,,,114,0,0.00%,QC Checked
8f46f82a,46110_l,336x500x20,990ae013,29-03-2026_l_Dhumal K.V.,Dhumal K.V.,29-03-2026,l,28,11:10:00,1118,1210,805,F2,806,30,asd961942,336,34,0,4,136,1.12400463,30-03-2026,lll,Kanase Suraj,14:08:34,3,1,Ok,,1,,,,102,34,25.00%,QC Checked
a27714b8,46110_l,253x500x20,990ae013,29-03-2026_l_Dhumal K.V.,Dhumal K.V.,29-03-2026,l,28,11:10:00,1118,1210,805,F2,806,30,asd666794,253,26,0,5,130,1.124236111,30-03-2026,lll,Kanase Suraj,14:08:54,5,0,Ok,,,0,,,130,0,0.00%,QC Checked
fa7856ec,46110_l,550x350x50,990ae013,29-03-2026_l_Dhumal K.V.,Dhumal K.V.,29-03-2026,l,28,11:10:00,1118,1210,805,F2,806,30,asd534811,550,32,0,1,32,1.124502315,30-03-2026,lll,Kanase Suraj,14:09:17,0,1,Ok,,,,,1,0,32,100.00%,QC Checked
4083ad09,46110_l,489x500x20,990ae013,29-03-2026_l_Dhumal K.V.,Dhumal K.V.,29-03-2026,l,29,12:10:00,1118,1210,805,F2,806,32,asd636462,489,48,0,4,192,1.083009259,30-03-2026,lll,Kanase Suraj,14:09:32,1,3,Ok,,,2,1,,48,144,75.00%,QC Checked
90a7af0b,46110_l,436x500x20,990ae013,29-03-2026_l_Dhumal K.V.,Dhumal K.V.,29-03-2026,l,29,12:10:00,1118,1210,805,F2,806,30,asd221530,436,43,,8,344,1.083414352,30-03-2026,lll,Kanase Suraj,14:10:07,6,2,Ok,,1,1,,,258,86,25.00%,QC Checked
cfeaeeba,46110_l,386x500x20,990ae013,29-03-2026_l_Dhumal K.V.,Dhumal K.V.,29-03-2026,l,29,12:10:00,1118,1210,805,F2,806,30,asd143430,386,38,0,4,152,1.08369213,30-03-2026,lll,Kanase Suraj,14:10:31,4,0,Ok,,,0,,,152,0,0.00%,QC Checked
4c05703e,46110_l,336x500x20,990ae013,29-03-2026_l_Dhumal K.V.,Dhumal K.V.,29-03-2026,l,29,12:10:00,1118,1210,805,F2,806,30,asd961942,336,34,0,4,136,1.083969907,30-03-2026,lll,Kanase Suraj,14:10:55,4,0,Ok,,,0,,,136,0,0.00%,QC Checked
0b8a4426,46110_l,253x500x20,990ae013,29-03-2026_l_Dhumal K.V.,Dhumal K.V.,29-03-2026,l,29,12:10:00,1118,1210,805,F2,806,30,asd666794,253,26,0,8,208,1.084282407,30-03-2026,lll,Kanase Suraj,14:11:22,8,0,Ok,,,0,,,208,0,0.00%,QC Checked
678d4642,46110_l,550x350x50,990ae013,29-03-2026_l_Dhumal K.V.,Dhumal K.V.,29-03-2026,l,29,12:10:00,1118,1210,805,F2,806,30,asd534811,550,32,,1,32,1.084594907,30-03-2026,lll,Kanase Suraj,14:11:49,1,0,Ok,,,,0,,32,0,0.00%,QC Checked
a0accc37,46110_l,250x350x50,990ae013,29-03-2026_l_Dhumal K.V.,Dhumal K.V.,29-03-2026,l,29,12:10:00,1118,1210,805,F2,806,30,asd685787,250,15,0,1,15,1.084803241,30-03-2026,lll,Kanase Suraj,14:12:07,1,0,Ok,,,0,,,15,0,0.00%,QC Checked
51918ed5,46110_l,489x500x20,990ae013,29-03-2026_l_Dhumal K.V.,Dhumal K.V.,29-03-2026,l,30,13:10:00,1118,1210,805,F2,806,32,asd636462,489,48,0,2,96,1.043298611,30-03-2026,lll,Kanase Suraj,14:12:21,0,2,Ok,,,,2,,0,96,100.00%,QC Checked
83395c0a,46110_l,436x500x20,990ae013,29-03-2026_l_Dhumal K.V.,Dhumal K.V.,29-03-2026,l,30,13:10:00,1118,1210,805,F2,806,30,asd221530,436,43,0,4,172,1.043773148,30-03-2026,lll,Kanase Suraj,14:13:02,4,0,Ok,,0,,,,172,0,0.00%,QC Checked
6bd833d4,46110_l,386x500x20,990ae013,29-03-2026_l_Dhumal K.V.,Dhumal K.V.,29-03-2026,l,30,13:10:00,1118,1210,805,F2,806,30,asd143430,386,38,0,2,76,1.044178241,30-03-2026,lll,Kanase Suraj,14:13:37,1,1,Ok,,1,,,,38,38,50.00%,QC Checked
5102324a,46110_l,336x500x20,990ae013,29-03-2026_l_Dhumal K.V.,Dhumal K.V.,29-03-2026,l,30,13:10:00,1118,1210,805,F2,806,30,asd961942,336,34,0,2,68,1.044467593,30-03-2026,lll,Kanase Suraj,14:14:02,2,0,Ok,,,0,,,68,0,0.00%,QC Checked
f5712e8e,46110_l,253x500x20,990ae013,29-03-2026_l_Dhumal K.V.,Dhumal K.V.,29-03-2026,l,30,13:10:00,1118,1210,805,F2,806,30,5fc89043,253,26,0,3,78,1.044768519,30-03-2026,lll,Kanase Suraj,14:14:28,3,0,Ok,,,0,0,,78,0,0.00%,QC Checked
b6285945,46110_l,489x500x20,990ae013,29-03-2026_l_Dhumal K.V.,Dhumal K.V.,29-03-2026,l,31,14:10:00,1118,1210,805,F2,806,32,asd636462,489,48,0,4,192,1.037199074,30-03-2026,lll,Kanase Suraj,15:03:34,0,4,Ok,,,1,3,,0,192,100.00%,QC Checked
07b956e5,46110_l,436x500x20,990ae013,29-03-2026_l_Dhumal K.V.,Dhumal K.V.,29-03-2026,l,31,14:10:00,1118,1210,805,F2,806,30,asd221530,436,43,0,8,344,1.038090278,30-03-2026,lll,Kanase Suraj,15:04:51,6,2,Ok,,,,2,,258,86,25.00%,QC Checked
af28910b,46110_l,386x500x20,990ae013,29-03-2026_l_Dhumal K.V.,Dhumal K.V.,29-03-2026,l,31,14:10:00,1118,1210,805,F2,806,30,asd143430,386,38,0,4,152,1.038449074,30-03-2026,lll,Kanase Suraj,15:05:22,1,3,Ok,,,,3,,38,114,75.00%,QC Checked
e4914e17,46110_l,336x500x20,990ae013,29-03-2026_l_Dhumal K.V.,Dhumal K.V.,29-03-2026,l,31,14:10:00,1118,1210,805,F2,806,30,asd961942,336,34,0,4,136,1.038715278,30-03-2026,lll,Kanase Suraj,15:05:45,3,1,Ok,,1,,,,102,34,25.00%,QC Checked
8061b7f4,46110_l,253x500x20,990ae013,29-03-2026_l_Dhumal K.V.,Dhumal K.V.,29-03-2026,l,31,14:10:00,1118,1210,805,F2,806,30,asd666794,253,26,0,8,208,1.039143519,30-03-2026,lll,Kanase Suraj,15:06:22,7,1,Ok,,1,,,,182,26,12.50%,QC Checked
52ca6e1a,46110_l,550x350x50,990ae013,29-03-2026_l_Dhumal K.V.,Dhumal K.V.,29-03-2026,l,31,14:10:00,1118,1210,805,F2,806,30,asd534811,550,32,0,1,32,1.039386574,30-03-2026,lll,Kanase Suraj,15:06:43,1,0,Ok,,,0,,,32,0,0.00%,QC Checked
cb8d8392,46110_l,250x350x50,990ae013,29-03-2026_l_Dhumal K.V.,Dhumal K.V.,29-03-2026,l,31,14:10:00,1118,1210,805,F2,806,30,asd685787,250,15,0,2,30,1.0396875,30-03-2026,lll,Kanase Suraj,15:07:09,2,0,Ok,,,0,,,30,0,0.00%,QC Checked
d79549cc,46110_ll,489x500x20,2979aa09,29-03-2026_ll_Bankar D.M.,Bankar D.M.,29-03-2026,ll,32,15:10:00,1147,1210,805,F2,789,32,asd636462,489,48,,2,96,1.033391204,30-03-2026,lll,Kanase Suraj,15:58:05,1,1,Ok,,,,1,,48,48,50.00%,QC Checked
b6e3d3aa,46110_ll,489x500x20,2979aa09,29-03-2026_ll_Bankar D.M.,Bankar D.M.,29-03-2026,ll,33,16:00:00,1147,1210,805,F2,789,32,asd636462,489,48,,4,192,1.026145833,30-03-2026,lll,Kanase Suraj,16:37:39,0,4,Ok,,,,4,,0,192,100.00%,QC Checked
eacff304,46110_ll,436x500x20,2979aa09,29-03-2026_ll_Bankar D.M.,Bankar D.M.,29-03-2026,ll,33,16:00:00,1147,1210,805,F2,789,30,asd221530,436,43,,9,387,1.031631944,30-03-2026,lll,Kanase Suraj,16:45:33,8,1,Ok,,1,,,,344,43,11.11%,QC Checked
e9fb5c8d,46110_ll,386x500x20,2979aa09,29-03-2026_ll_Bankar D.M.,Bankar D.M.,29-03-2026,ll,33,16:00:00,1147,1210,805,F2,789,30,asd143430,386,38,,4,152,1.031967593,30-03-2026,lll,Kanase Suraj,16:46:02,3,1,Ok,,1,,,,114,38,25.00%,QC Checked
d2a1d8d1,46110_ll,336x500x20,2979aa09,29-03-2026_ll_Bankar D.M.,Bankar D.M.,29-03-2026,ll,33,16:00:00,1147,1210,805,F2,789,30,asd961942,336,34,,4,136,1.032164352,30-03-2026,lll,Kanase Suraj,16:46:19,4,0,Ok,,0,,,,136,0,0.00%,QC Checked
ba2615ae,46110_ll,253x500x20,2979aa09,29-03-2026_ll_Bankar D.M.,Bankar D.M.,29-03-2026,ll,33,16:00:00,1147,1210,805,F2,789,30,5fc89043,253,26,,8,208,1.032361111,30-03-2026,lll,Kanase Suraj,16:46:36,7,1,Ok,,1,,,,182,26,12.50%,QC Checked
f2722554,46110_ll,550x350x50,2979aa09,29-03-2026_ll_Bankar D.M.,Bankar D.M.,29-03-2026,ll,33,16:00:00,1147,1210,805,F2,789,30,asd534811,550,32,,2,64,1.032604167,30-03-2026,lll,Kanase Suraj,16:46:57,2,0,Ok,,0,,,,64,0,0.00%,QC Checked
efa85c17,46110_ll,436x500x20,2979aa09,29-03-2026_ll_Bankar D.M.,Bankar D.M.,29-03-2026,ll,32,15:10:00,,,,F2,,30,asd221530,436,43,,4,172,1.068854167,30-03-2026,lll,Kanase Suraj,16:49:09,4,0,Ok,,0,,,,172,0,0.00%,QC Checked
aab706fb,46110_ll,386x500x20,2979aa09,29-03-2026_ll_Bankar D.M.,Bankar D.M.,29-03-2026,ll,32,15:10:00,,,,F2,,30,asd143430,386,38,,2,76,1.06931713,30-03-2026,lll,Kanase Suraj,16:49:49,2,0,Ok,,,0,,,76,0,0.00%,QC Checked
5f42a4e7,46110_ll,336x500x20,2979aa09,29-03-2026_ll_Bankar D.M.,Bankar D.M.,29-03-2026,ll,32,15:10:00,,,,F2,,30,asd961942,336,34,,2,68,1.069699074,30-03-2026,lll,Kanase Suraj,16:50:22,2,0,Ok,,0,,,,68,0,0.00%,QC Checked
acafeaba,46110_ll,253x500x20,2979aa09,29-03-2026_ll_Bankar D.M.,Bankar D.M.,29-03-2026,ll,32,15:10:00,,,,F2,,30,5fc89043,253,26,,4,104,1.070092593,30-03-2026,lll,Kanase Suraj,16:50:56,3,1,Ok,,1,,,,78,26,25.00%,QC Checked
5880269d,46110_ll,550x350x50,2979aa09,29-03-2026_ll_Bankar D.M.,Bankar D.M.,29-03-2026,ll,32,16:51:00,,,,F2,,,asd534811,550,32,,0,0,1.000300926,30-03-2026,lll,Kanase Suraj,16:51:26,0,0,Ok,,0,,,,0,0,0.00%,QC Checked
e05169c3,46110_ll,250x350x50,2979aa09,29-03-2026_ll_Bankar D.M.,Bankar D.M.,29-03-2026,ll,32,15:10:00,,,,F2,,30,asd685787,250,15,,1,15,1.070844907,30-03-2026,lll,Kanase Suraj,16:52:01,0,1,Ok,,1,,,,0,15,100.00%,QC Checked
b667868d,46110_ll,489x500x20,2979aa09,29-03-2026_ll_Bankar D.M.,Bankar D.M.,29-03-2026,ll,34,16:50:00,,,,F2,,32,asd636462,489,48,,3,144,1.028738426,30-03-2026,lll,Kanase Suraj,17:31:23,0,3,Ok,,2,,1,,0,144,100.00%,QC Checked
1b64c148,46110_ll,436x500x20,2979aa09,29-03-2026_ll_Bankar D.M.,Bankar D.M.,29-03-2026,ll,34,16:50:00,1148,1210,805,F2,765,30,asd221530,436,43,,6,258,1.04212963,30-03-2026,lll,Kanase Suraj,17:50:40,6,0,Ok,0,,,,,258,0,0.00%,QC Checked
8076d64a,46110_ll,386x500x20,2979aa09,29-03-2026_ll_Bankar D.M.,Bankar D.M.,29-03-2026,ll,34,16:50:00,1148,1210,805,F2,765,30,asd143430,386,38,,2,76,1.042592593,30-03-2026,lll,Kanase Suraj,17:51:20,2,0,Ok,,,0,,,76,0,0.00%,QC Checked
c8a6b59b,46110_ll,336x500x20,2979aa09,29-03-2026_ll_Bankar D.M.,Bankar D.M.,29-03-2026,ll,34,16:50:00,1148,1210,805,F2,765,30,asd961942,336,34,,2,68,1.042847222,30-03-2026,lll,,17:51:42,2,0,Ok,0,,,,,68,0,0.00%,QC Checked
55fe6697,46110_ll,253x500x20,2979aa09,29-03-2026_ll_Bankar D.M.,Bankar D.M.,29-03-2026,ll,34,16:50:00,1148,1210,805,F2,765,30,5fc89043,253,26,,4,104,1.043043981,30-03-2026,lll,Kanase Suraj,17:51:59,4,0,Ok,,,,0,,104,0,0.00%,QC Checked
b3e4fcef,46110_ll,550x350x50,2979aa09,29-03-2026_ll_Bankar D.M.,Bankar D.M.,29-03-2026,ll,34,16:50:00,1148,1210,805,F2,765,30,asd534811,550,32,,1,32,1.043229167,30-03-2026,lll,Kanase Suraj,17:52:15,1,0,Ok,,,,0,,32,0,0.00%,QC Checked
e924b507,46110_l,489x500x20,2979aa09,29-03-2026_ll_Bankar D.M.,Bankar D.M.,29-03-2026,l,35,17:40:00,1148,1210,805,F2,765,32,asd636462,489,48,,5,240,1.555555556,31-03-2026,ll,Nanavare S D,07:00:00,2,3,Ok,,2,,1,,96,144,60.00%,QC Checked
c0a61f8e,46110_ll,436x500x20,2979aa09,29-03-2026_ll_Bankar D.M.,Bankar D.M.,29-03-2026,ll,35,17:40:00,,,,F2,,30,asd221530,436,43,,9,387,1.555555556,31-03-2026,l,Nanavare S D,07:00:00,7,2,Ok,,1,,1,,301,86,22.22%,QC Checked
f2bd5803,46110_ll,386x500x20,2979aa09,29-03-2026_ll_Bankar D.M.,Bankar D.M.,29-03-2026,ll,35,17:40:00,,,,F2,,30,asd143430,386,38,,3,114,1.555555556,31-03-2026,l,Nanavare S D,07:00:00,3,0,Ok,0,0,0,0,,114,0,0.00%,QC Checked
067a0a52,46110_ll,336x500x20,2979aa09,29-03-2026_ll_Bankar D.M.,Bankar D.M.,29-03-2026,ll,35,17:40:00,,,,F2,,30,asd961942,336,34,,3,102,1.555555556,31-03-2026,l,Nanavare S D,07:00:00,3,0,Ok,0,0,0,0,,102,0,0.00%,QC Checked
7a7d2cc1,46110_ll,253x500x20,2979aa09,29-03-2026_ll_Bankar D.M.,Bankar D.M.,29-03-2026,ll,35,17:40:00,,,,F2,,30,5fc89043,253,26,,7,182,1.555555556,31-03-2026,l,Nanavare S D,07:00:00,7,0,Ok,0,0,0,0,,182,0,0.00%,QC Checked
ca3886bc,46110_ll,550x350x50,2979aa09,29-03-2026_ll_Bankar D.M.,Bankar D.M.,29-03-2026,ll,35,17:40:00,,,,F2,,30,asd534811,550,32,,2,64,1.555555556,31-03-2026,l,Nanavare S D,07:00:00,0,2,Ok,0,0,0,0,2,0,64,100.00%,QC Checked
52b2f342,46110_ll,250x350x50,2979aa09,29-03-2026_ll_Bankar D.M.,Bankar D.M.,29-03-2026,ll,35,17:40:00,,,,F2,,30,asd685787,250,15,,1,15,1.555555556,31-03-2026,l,Nanavare S D,07:00:00,1,0,Ok,0,0,0,0,,15,0,0.00%,QC Checked
bd69718a,46110_ll,489x500x20,2979aa09,29-03-2026_ll_Bankar D.M.,Bankar D.M.,29-03-2026,ll,36,18:30:00,1127,1210,805,F2,829,32,asd636462,489,48,,3,144,1.555555556,31-03-2026,l,Nanavare S D,07:50:00,0,3,Ok,0,1,,2,,0,144,100.00%,QC Checked
85c0e691,46110_ll,436x500x20,2979aa09,29-03-2026_ll_Bankar D.M.,Bankar D.M.,29-03-2026,ll,36,18:30:00,1127,1210,805,F2,829,32,asd221530,436,43,,6,258,1.555555556,31-03-2026,l,Nanavare S D,07:50:00,5,1,Ok,0,0,0,1,,215,43,16.67%,QC Checked
65d373ec,46110_ll,386x500x20,2979aa09,29-03-2026_ll_Bankar D.M.,Bankar D.M.,29-03-2026,ll,36,18:30:00,1127,1210,805,F2,829,32,asd143430,386,38,,3,114,1.555555556,31-03-2026,l,Nanavare S D,07:50:00,3,0,Ok,0,0,0,0,,114,0,0.00%,QC Checked
b5d4b831,46110_ll,336x500x20,2979aa09,29-03-2026_ll_Bankar D.M.,Bankar D.M.,29-03-2026,ll,36,18:30:00,1127,1210,805,F2,829,30,asd961942,336,34,,3,102,1.555555556,31-03-2026,l,Nanavare S D,07:50:00,2,1,Ok,0,1,0,0,,68,34,33.33%,QC Checked
c1f4b755,46110_ll,253x500x20,2979aa09,29-03-2026_ll_Bankar D.M.,Bankar D.M.,29-03-2026,ll,36,18:30:00,1127,1210,805,F2,829,30,5fc89043,253,26,,6,156,1.555555556,31-03-2026,l,Nanavare S D,07:50:00,6,0,Ok,0,0,0,0,,156,0,0.00%,QC Checked
a0207f4c,46110_ll,489x500x20,2979aa09,29-03-2026_ll_Bankar D.M.,Bankar D.M.,29-03-2026,ll,37,19:20:00,,,,F2,,,asd636462,489,48,,4,192,1.555555556,31-03-2026,l,Nanavare S D,08:40:00,2,2,Ok,0,0,0,2,,96,96,50.00%,QC Checked
37bc7a80,46110_ll,436x500x20,2979aa09,29-03-2026_ll_Bankar D.M.,Bankar D.M.,29-03-2026,ll,37,19:20:00,,,,F2,,,asd221530,436,43,,7,301,1.555555556,31-03-2026,l,Nanavare S D,08:40:00,5,2,Ok,0,1,0,1,,215,86,28.57%,QC Checked
a2f06eb3,46110_ll,386x500x20,2979aa09,29-03-2026_ll_Bankar D.M.,Bankar D.M.,29-03-2026,ll,37,19:20:00,,,,F2,,,asd143430,386,38,,4,152,1.555555556,31-03-2026,l,Nanavare S D,08:40:00,3,1,Ok,0,0,0,1,,114,38,25.00%,QC Checked
069eeed8,46110_ll,336x500x20,2979aa09,29-03-2026_ll_Bankar D.M.,Bankar D.M.,29-03-2026,ll,37,19:20:00,,,,F2,,,asd961942,336,34,,4,136,1.555555556,31-03-2026,l,Nanavare S D,08:40:00,3,1,Ok,0,0,0,1,,102,34,25.00%,QC Checked
43900d45,46110_ll,253x500x20,2979aa09,29-03-2026_ll_Bankar D.M.,Bankar D.M.,29-03-2026,ll,37,19:20:00,,,,F2,,,5fc89043,253,26,,7,182,1.555555556,31-03-2026,l,Nanavare S D,08:40:00,6,1,Ok,0,1,0,0,,156,26,14.29%,QC Checked
a8e92a8e,46110_ll,489x500x20,2979aa09,29-03-2026_ll_Bankar D.M.,Bankar D.M.,29-03-2026,ll,38,20:10:00,,,,F2,,32,asd636462,489,48,,5,240,1.555555556,31-03-2026,l,Nanavare S D,09:30:00,2,3,Ok,0,1,0,2,,96,144,60.00%,QC Checked
a554f68f,46110_ll,436x500x20,2979aa09,29-03-2026_ll_Bankar D.M.,Bankar D.M.,29-03-2026,ll,38,20:10:00,,,,F2,,32,asd221530,436,43,,8,344,2.055555556,31-03-2026,l,Nanavare S D,21:30:00,5,3,Ok,0,2,0,1,,215,129,37.50%,QC Checked
0b2378ec,46110_ll,386x500x20,2979aa09,29-03-2026_ll_Bankar D.M.,Bankar D.M.,29-03-2026,ll,38,20:10:00,,,,F2,,30,asd143430,386,38,,4,152,1.555555556,31-03-2026,l,Nanavare S D,09:30:00,2,2,Ok,0,1,0,1,,76,76,50.00%,QC Checked
5c86a42d,46110_ll,336x500x20,2979aa09,29-03-2026_ll_Bankar D.M.,Bankar D.M.,29-03-2026,ll,38,20:10:00,,,,F2,,30,asd961942,336,34,,4,136,1.555555556,31-03-2026,l,Nanavare S D,09:30:00,3,1,Ok,0,0,0,1,,102,34,25.00%,QC Checked
cb0ee2fe,46110_ll,253x500x20,2979aa09,29-03-2026_ll_Bankar D.M.,Bankar D.M.,29-03-2026,ll,38,20:10:00,,,,F2,,30,5fc89043,253,26,,8,208,1.555555556,31-03-2026,l,Nanavare S D,09:30:00,8,0,Ok,0,0,0,0,,208,0,0.00%,QC Checked
0b4b3d55,46110_ll,489x500x20,2979aa09,29-03-2026_ll_Bankar D.M.,Bankar D.M.,29-03-2026,ll,39,21:00:00,,,,F2,,32,asd636462,489,48,,3,144,1.555555556,31-03-2026,l,Nanavare S D,10:20:00,1,2,Ok,0,1,0,1,,48,96,66.67%,QC Checked
a312a492,46110_ll,436x500x20,2979aa09,29-03-2026_ll_Bankar D.M.,Bankar D.M.,29-03-2026,ll,39,21:00:00,,,,F2,,30,asd221530,436,43,,6,258,1.555555556,31-03-2026,l,Nanavare S D,10:20:00,3,3,Ok,0,2,0,1,,129,129,50.00%,QC Checked
dd0a4110,46110_ll,386x500x20,2979aa09,29-03-2026_ll_Bankar D.M.,Bankar D.M.,29-03-2026,ll,39,21:00:00,,,,F2,,30,asd143430,386,38,,3,114,1.555555556,31-03-2026,l,Nanavare S D,10:20:00,2,1,Ok,0,0,0,1,,76,38,33.33%,QC Checked
9367f342,46110_ll,336x500x20,2979aa09,29-03-2026_ll_Bankar D.M.,Bankar D.M.,29-03-2026,ll,39,21:00:00,,,,F2,,30,asd961942,336,34,,3,102,1.555555556,31-03-2026,l,Nanavare S D,10:20:00,2,1,Ok,0,1,0,0,,68,34,33.33%,QC Checked
6f24411a,46110_ll,253x500x20,2979aa09,29-03-2026_ll_Bankar D.M.,Bankar D.M.,29-03-2026,ll,39,21:00:00,,,,F2,,30,5fc89043,253,26,,5,130,1.555555556,31-03-2026,l,Nanavare S D,10:20:00,5,0,Ok,0,0,0,0,,130,0,0.00%,QC Checked
2c06f847,46110_ll,489x500x20,2979aa09,29-03-2026_ll_Bankar D.M.,Bankar D.M.,29-03-2026,ll,40,21:50:00,,,,F2,,30,asd636462,489,48,,2,96,1.555555556,31-03-2026,l,Nanavare S D,11:10:00,0,2,Ok,0,2,0,0,,0,96,100.00%,QC Checked
a87cab1b,46110_ll,436x500x20,2979aa09,29-03-2026_ll_Bankar D.M.,Bankar D.M.,29-03-2026,ll,40,21:50:00,,,,F2,,30,asd221530,436,43,,4,172,1.555555556,31-03-2026,l,Nanavare S D,11:10:00,3,1,Ok,0,0,0,1,,129,43,25.00%,QC Checked
d6419e29,46110_ll,386x500x20,2979aa09,29-03-2026_ll_Bankar D.M.,Bankar D.M.,29-03-2026,ll,40,21:50:00,,,,F2,,30,asd143430,386,38,,2,76,1.555555556,31-03-2026,l,Nanavare S D,11:10:00,2,0,Ok,0,0,0,0,,76,0,0.00%,QC Checked
5909d014,46110_ll,336x500x20,2979aa09,29-03-2026_ll_Bankar D.M.,Bankar D.M.,29-03-2026,ll,40,21:50:00,,,,F2,,30,asd961942,336,34,,2,68,1.555555556,31-03-2026,l,Nanavare S D,11:10:00,2,0,Ok,0,0,0,0,,68,0,0.00%,QC Checked
8b08035c,46110_ll,253x500x20,2979aa09,29-03-2026_ll_Bankar D.M.,Bankar D.M.,29-03-2026,ll,40,21:50:00,,,,F2,,30,5fc89043,253,26,,4,104,-0.4444444444,29-03-2026,,Nanavare S D,11:10:00,4,0,Ok,0,0,0,0,,104,0,0.00%,QC Checked
eb756d44,46110_lll,489x500x20,4b190522,#N/A,,29-03-2026,lll,41,11:00:00,1090,1210,805,F2,825,32,asd636462,489,48,1,3,144,2.0625,31-03-2026,l,Nanavare S D,12:30:00,1,2,Ok,0,0,0,2,,48,96,66.67%,QC Checked
f2853eb7,46110_lll,436x500x20,4b190522,#N/A,,29-03-2026,lll,41,11:00:00,1090,1210,805,F2,825,31,asd221530,436,43,0,10,430,2.0625,31-03-2026,l,Nanavare S D,12:30:00,7,3,Ok,0,1,0,2,,301,129,30.00%,QC Checked
af0b1c03,46110_lll,386x500x20,4b190522,#N/A,,29-03-2026,lll,41,11:00:00,1090,1210,805,F2,825,31,asd143430,386,38,0,4,152,2.0625,31-03-2026,l,Nanavare S D,12:30:00,2,2,Ok,0,2,0,0,,76,76,50.00%,QC Checked
a5bc6970,46110_lll,336x500x20,4b190522,#N/A,,29-03-2026,lll,41,11:00:00,1090,1210,805,F2,825,30,asd961942,336,34,0,3,102,2.0625,31-03-2026,l,Nanavare S D,12:30:00,2,1,Ok,0,1,0,0,,68,34,33.33%,QC Checked
,,,,,,,,,,,,,,,,,,,,,,,,,,,,,,,,,,,,,,
cc79c302,46110_lll,253x500x20,4b190522,#N/A,,29-03-2026,lll,41,11:00:00,1090,1210,805,F2,825,29,asd666794,253,26,0,5,130,2.0625,31-03-2026,l,Nanavare S D,12:30:00,3,2,Ok,0,1,0,1,,78,52,40.00%,QC Checked
ea3e6709,46110_lll,489x500x20,4b190522,#N/A,,29-03-2026,lll,42,11:50:00,1195,1210,805,F2,820,32,asd636462,489,48,0,5,240,2.027777778,31-03-2026,l,Nanavare S D,12:30:00,3,2,Ok,0,0,0,2,,144,96,40.00%,QC Checked
b8f84bcc,46110_lll,436x500x20,4b190522,#N/A,,29-03-2026,lll,42,23:50:00,1195,1210,805,F2,820,31,asd221530,436,43,0,10,430,1.527777778,31-03-2026,l,Nanavare S D,12:30:00,7,3,Ok,0,1,,2,,301,129,30.00%,QC Checked
907bfbc8,46110_lll,386x500x20,4b190522,#N/A,,29-03-2026,lll,42,23:50:00,1195,1210,805,F2,820,30,asd143430,386,38,0,5,190,1.527777778,31-03-2026,l,Nanavare S D,12:30:00,4,1,Ok,0,1,0,0,,152,38,20.00%,QC Checked
2e9659d7,46110_lll,336x500x20,4b190522,#N/A,,29-03-2026,lll,42,23:50:00,1195,1210,805,F2,820,31,asd961942,336,34,0,6,204,1.527777778,31-03-2026,l,Nanavare S D,12:30:00,5,1,Ok,0,1,0,0,,170,34,16.67%,QC Checked
2cd638b3,46110_lll,253x500x20,4b190522,#N/A,,29-03-2026,lll,42,23:50:00,1195,1210,805,F2,820,29,asd666794,253,26,0,10,260,0.5277777778,30-03-2026,l,Nanavare S D,12:30:00,9,1,Ok,0,1,0,0,,234,26,10.00%,QC Checked
b5e50afc,46110_lll,489x500x20,4b190522,#N/A,,29-03-2026,lll,43,00:40:00,,,,F2,,,asd636462,489,48,0,1,48,2.5625,31-03-2026,l,Nanavare S D,14:10:00,1,0,Ok,0,0,0,0,0,48,0,0.00%,QC Checked
6cdf9440,46110_lll,436x500x20,4b190522,#N/A,,29-03-2026,lll,43,00:40:00,,1210,805,F2,,31,asd221530,436,43,0,2,86,2.5625,31-03-2026,l,Nanavare S D,14:10:00,1,1,Ok,1,,,,,43,43,50.00%,QC Checked
5f0905df,46110_lll,386x500x20,4b190522,#N/A,,29-03-2026,lll,43,00:40:00,,1210,805,F2,,31,asd143430,386,38,0,1,38,2.5625,31-03-2026,l,Nanavare S D,14:10:00,1,0,Ok,0,,,,,38,0,0.00%,QC Checked
b1bd800e,46110_lll,336x500x20,4b190522,#N/A,,29-03-2026,lll,43,00:40:00,,1210,805,F2,,30,asd961942,336,34,0,1,34,2.5625,31-03-2026,l,Nanavare S D,14:10:00,1,0,Ok,0,,0,0,,34,0,0.00%,QC Checked
aaa058c7,46110_lll,253x500x20,4b190522,#N/A,,29-03-2026,lll,43,00:40:00,,1210,805,F2,,29,asd666794,253,26,0,2,52,2.5625,31-03-2026,l,Nanavare S D,14:10:00,2,0,Ok,,,,,,52,0,0.00%,Inside Tunnel
cef0bf61,46110_lll,489x500x20,4b190522,#N/A,,29-03-2026,lll,44,01:40:00,,1210,805,F2,,32,asd636462,489,48,1,4,192,2.048333333,31-03-2026,ll,Jadhav sahil,02:49:36,3,1,Ok,,,,1,,144,48,25.00%,QC Checked
9fe4f83f,46110_lll,436x500x20,4b190522,#N/A,,29-03-2026,lll,44,01:40:00,,1210,805,F2,,31,asd221530,436,43,1,9,387,2.049421296,31-03-2026,ll,Jadhav sahil,02:51:10,7,2,Ok,,2,,,,301,86,22.22%,QC Checked
961ff512,46110_lll,386x500x20,4b190522,#N/A,,29-03-2026,lll,44,01:40:00,,1210,805,F2,,30,asd143430,386,38,1,5,190,2.05037037,31-03-2026,ll,Jadhav sahil,02:52:32,3,2,Ok,,2,,,,114,76,40.00%,QC Checked
779beec8,46110_lll,336x500x20,4b190522,#N/A,,29-03-2026,lll,44,01:40:00,,1210,805,F2,,31,asd961942,336,34,,5,170,2.050752315,31-03-2026,ll,Jadhav sahil,02:53:05,5,0,Ok,0,,,,,170,0,0.00%,QC Checked
325b9f6a,46110_lll,253x500x20,4b190522,#N/A,,29-03-2026,lll,44,01:40:00,,1210,805,F2,,31,asd666794,253,26,,11,286,2.051064815,31-03-2026,ll,Jadhav sahil,02:53:32,7,4,Ok,,2,,2,,182,104,36.36%,QC Checked
a9913a20,46110_lll,489x500x20,4b190522,#N/A,,29-03-2026,lll,45,02:20:00,1015,1210,805,F2,820,32,asd636462,489,48,0,5,240,2.089513889,31-03-2026,ll,Jadhav sahil,04:28:54,1,4,Ok,,2,,,2,48,192,80.00%,QC Checked
094ff376,46110_lll,436x500x20,4b190522,#N/A,,29-03-2026,lll,45,02:20:00,1015,1210,805,F2,820,31,asd221530,436,43,,10,430,2.090717593,31-03-2026,ll,Jadhav sahil,04:30:38,7,3,Ok,,3,,,,301,129,30.00%,QC Checked
c8722ecd,46110_lll,386x500x20,4b190522,#N/A,,29-03-2026,lll,45,02:20:00,1015,1210,805,F2,820,30,asd143430,386,38,0,4,152,2.091215278,31-03-2026,ll,Jadhav sahil,04:31:21,3,1,Ok,,1,,,,114,38,25.00%,QC Checked
019a3629,46110_lll,336x500x20,4b190522,#N/A,,29-03-2026,lll,45,02:20:00,1015,1210,805,F2,820,31,asd961942,336,34,0,4,136,2.091631944,31-03-2026,ll,Jadhav sahil,04:31:57,4,0,Ok,0,,,,,136,0,0.00%,QC Checked
883e397c,46110_lll,253x500x20,4b190522,#N/A,,29-03-2026,lll,45,02:20:00,1015,1210,805,F2,820,29,asd666794,253,26,0,8,208,2.092696759,31-03-2026,ll,Jadhav sahil,04:33:29,7,1,Ok,,1,,,,182,26,12.50%,QC Checked
245abe54,46110_lll,489x500x20,4b190522,#N/A,,29-03-2026,lll,46,03:20:00,1085,1210,805,F2,822,32,asd636462,489,48,0,3,144,2.053900463,31-03-2026,ll,Jadhav sahil,04:37:37,2,1,Ok,,1,,,,96,48,33.33%,QC Checked
4f8b7e9a,46110_lll,436x500x20,4b190522,#N/A,,29-03-2026,lll,46,03:20:00,1085,1210,805,F2,822,31,asd221530,436,43,0,7,301,2.066689815,31-03-2026,ll,Jadhav sahil,04:56:02,5,2,Ok,,,,2,,215,86,28.57%,QC Checked
40b66791,46110_lll,386x500x20,4b190522,#N/A,,29-03-2026,lll,46,03:20:00,1085,1210,805,F2,822,30,asd143430,386,38,0,3,114,2.066967593,31-03-2026,ll,Jadhav sahil,04:56:26,2,1,Ok,,,,1,,76,38,33.33%,QC Checked
db210657,46110_lll,336x500x20,4b190522,#N/A,,29-03-2026,lll,46,03:20:00,,1210,805,F2,,31,asd961942,336,34,,3,102,2.067430556,31-03-2026,ll,Jadhav sahil,04:57:06,3,0,Ok,0,,,,,102,0,0.00%,QC Checked
3918c38b,46110_lll,253x500x20,4b190522,#N/A,,29-03-2026,lll,46,03:20:00,,1210,805,F2,,29,asd666794,253,26,1,6,156,2.068391204,31-03-2026,ll,Jadhav sahil,04:58:29,6,0,Ok,0,,,,,156,0,0.00%,QC Checked
bea7d5f6,46110_lll,489x500x20,4b190522,#N/A,,29-03-2026,lll,47,04:10:00,,1210,805,F2,,32,asd636462,489,48,0,5,240,2.073912037,31-03-2026,ll,Jadhav sahil,05:56:26,4,1,Ok,,1,,,,192,48,20.00%,QC Checked
c16eb424,46110_lll,436x500x20,4b190522,#N/A,,29-03-2026,lll,47,04:10:00,,1210,805,F2,,32,asd221530,436,43,,7,301,2.074988426,31-03-2026,ll,Jadhav sahil,05:57:59,6,1,Ok,,1,,,,258,43,14.29%,QC Checked
,,,,,,,,,,,,,,,,,,,,,,,,,,,,,,,,,,,,,,
10a80b43,46110_lll,386x500x20,4b190522,#N/A,,29-03-2026,lll,47,04:10:00,,1210,805,F2,,30,asd143430,386,38,0,4,152,2.075300926,31-03-2026,ll,Jadhav sahil,05:58:26,3,1,Ok,,1,,,,114,38,25.00%,QC Checked
b43a466f,46110_lll,336x500x20,4b190522,#N/A,,29-03-2026,lll,47,04:10:00,,1210,805,F2,,31,asd961942,336,34,0,4,136,2.075671296,31-03-2026,ll,Jadhav sahil,05:58:58,3,1,Ok,,1,,,,102,34,25.00%,QC Checked
3081c57e,46110_lll,253x500x20,4b190522,#N/A,,29-03-2026,lll,47,04:10:00,,1210,805,F2,,29,asd666794,253,26,0,8,208,2.075949074,31-03-2026,ll,Jadhav sahil,05:59:22,8,0,Ok,0,,,,,208,0,0.00%,QC Checked
c661667d,46111_,489x500x20,4b190522,#N/A,,30-03-2026,,48,05:00:00,,1210,805,F2,,32,asd636462,489,48,0,4,192,1.069837963,31-03-2026,ll,Jadhav sahil,06:40:34,3,1,Ok,,1,,,,144,48,25.00%,QC Checked
02e78e9a,46111_lll,436x500x20,4b190522,#N/A,,30-03-2026,lll,48,05:00:00,,1210,805,F2,,31,asd221530,436,43,0,8,344,1.070486111,31-03-2026,ll,Jadhav sahil,06:41:30,5,3,Ok,,3,,,,215,129,37.50%,QC Checked
7f5ad4fb,46111_lll,386x500x20,4b190522,#N/A,,30-03-2026,lll,48,05:00:00,,1210,805,F2,,30,asd143430,386,38,,4,152,1.070787037,31-03-2026,ll,Jadhav sahil,06:41:56,3,1,Ok,,1,,,,114,38,25.00%,QC Checked
235c01b2,46111_lll,336x500x20,4b190522,#N/A,,30-03-2026,lll,48,05:00:00,,1210,805,F2,,31,asd961942,336,34,,3,102,1.071018519,31-03-2026,ll,Jadhav sahil,06:42:16,3,0,Ok,0,,,,,102,0,0.00%,QC Checked
e6cafa34,46111_lll,253x500x20,4b190522,#N/A,,30-03-2026,lll,48,05:00:00,,1210,805,F2,,29,asd666794,253,26,,7,182,1.071342593,31-03-2026,ll,Jadhav sahil,06:42:44,7,0,Ok,0,,,,,182,0,0.00%,QC Checked
528af8b8,46110_lll,489x500x20,4b190522,#N/A,,29-03-2026,lll,49,06:00:00,,1210,805,F2,,32,asd636462,489,48,0,2,96,2.037199074,31-03-2026,ll,Jadhav sahil,06:53:34,2,0,Ok,0,,,,,96,0,0.00%,QC Checked
f9214cd3,46110_lll,436x500x20,4b190522,#N/A,,29-03-2026,lll,49,06:00:00,,1210,805,F2,,31,asd221530,436,43,,4,172,2.037997685,31-03-2026,ll,Jadhav sahil,06:54:43,3,1,Ok,,1,,,,129,43,25.00%,QC Checked
b925aa58,46110_lll,386x500x20,4b190522,#N/A,,29-03-2026,lll,49,06:00:00,,1210,805,F2,,30,asd143430,386,38,,3,114,2.038252315,31-03-2026,ll,Jadhav sahil,06:55:05,1,2,Ok,,2,,,,38,76,66.67%,QC Checked
f734e911,46110_lll,336x500x20,4b190522,#N/A,,29-03-2026,lll,49,06:00:00,,1210,805,F2,,31,asd961942,336,34,0,2,68,2.03849537,31-03-2026,ll,Jadhav sahil,06:55:26,2,0,Ok,0,,,,,68,0,0.00%,QC Checked
1e53c356,46110_lll,253x500x20,4b190522,#N/A,,29-03-2026,lll,49,06:00:00,,1210,805,F2,,29,5fc89043,253,26,0,4,104,2.038726852,31-03-2026,ll,Jadhav sahil,06:55:46,4,0,Ok,0,,,,,104,0,0.00%,QC Checked
0d530203,46111_l,489x500x20,6dd5caf3,30-03-2026_l_Dhumal K.V.,Dhumal K.V.,30-03-2026,l,1,07:10:00,1111,1210,805,F2,796,32,asd636462,489,48,0,3,144,1.063043981,31-03-2026,ll,Jadhav sahil,08:40:47,3,0,Ok,0,,,,,144,0,0.00%,QC Checked
9fdcd383,46111_l,436x500x20,6dd5caf3,30-03-2026_l_Dhumal K.V.,Dhumal K.V.,30-03-2026,l,1,07:10:00,1111,1210,805,F2,796,30,asd221530,436,43,0,4,172,1.064675926,31-03-2026,ll,Jadhav sahil,08:43:08,3,1,Ok,,1,,,,129,43,25.00%,QC Checked
ef5c514f,46111_l,386x500x20,6dd5caf3,30-03-2026_l_Dhumal K.V.,Dhumal K.V.,30-03-2026,l,1,07:10:00,1111,1210,805,F2,796,30,asd143430,386,38,0,3,114,1.06494213,31-03-2026,ll,Jadhav sahil,08:43:31,2,1,Ok,,,,1,,76,38,33.33%,QC Checked
2d7449df,46111_l,336x500x20,6dd5caf3,30-03-2026_l_Dhumal K.V.,Dhumal K.V.,30-03-2026,l,1,07:10:00,1111,1210,805,F2,796,30,asd961942,336,34,0,3,102,1.065462963,31-03-2026,ll,Jadhav sahil,08:44:16,3,0,Ok,0,,,,,102,0,0.00%,QC Checked
ad463136,46111_l,253x500x20,6dd5caf3,30-03-2026_l_Dhumal K.V.,Dhumal K.V.,30-03-2026,l,1,07:10:00,1111,1210,805,F2,796,30,asd666794,253,26,0,5,130,1.065717593,31-03-2026,ll,Jadhav sahil,08:44:38,5,0,Ok,0,,,,,130,0,0.00%,QC Checked
4a4d391c,46111_l,550x350x50,6dd5caf3,30-03-2026_l_Dhumal K.V.,Dhumal K.V.,30-03-2026,l,1,07:10:00,1111,1210,805,F2,796,30,asd534811,550,32,0,2,64,1.065914352,31-03-2026,ll,Jadhav sahil,08:44:55,1,1,Ok,,,,,1,32,32,50.00%,QC Checked
f807b65a,46111_l,250x350x50,6dd5caf3,30-03-2026_l_Dhumal K.V.,Dhumal K.V.,30-03-2026,l,1,07:10:00,1111,1210,805,F2,796,30,asd685787,250,15,0,1,15,1.066261574,31-03-2026,ll,Jadhav sahil,08:45:25,1,0,Ok,0,,,,,15,0,0.00%,QC Checked
6f89a314,46111_l,489x500x20,6dd5caf3,30-03-2026_l_Dhumal K.V.,Dhumal K.V.,30-03-2026,l,2,08:00:00,1111,1210,805,F2,796,32,asd636462,489,48,0,4,192,1.060231481,31-03-2026,ll,Jadhav sahil,09:26:44,1,3,Ok,,,,3,,48,144,75.00%,QC Checked
5a6ef752,46111_l,436x500x20,6dd5caf3,30-03-2026_l_Dhumal K.V.,Dhumal K.V.,30-03-2026,l,2,08:00:00,1111,1210,805,F2,796,30,asd221530,436,43,0,8,344,0.06119212963,30-03-2026,ll,Jadhav sahil,09:28:07,6,2,Ok,,1,,1,,258,86,25.00%,QC Checked
5a8cf924,46111_l,386x500x20,6dd5caf3,30-03-2026_l_Dhumal K.V.,Dhumal K.V.,30-03-2026,l,2,08:00:00,1111,1210,805,F2,796,30,asd143430,386,38,0,4,152,1.061701389,31-03-2026,ll,Jadhav sahil,09:28:51,4,0,Ok,0,,,,,152,0,0.00%,QC Checked
c88063dc,46111_l,336x500x20,6dd5caf3,30-03-2026_l_Dhumal K.V.,Dhumal K.V.,30-03-2026,l,2,08:00:00,1111,1210,805,F2,796,30,asd961942,336,34,0,4,136,1.063425926,31-03-2026,ll,Jadhav sahil,09:31:20,3,1,Ok,,1,,,,102,34,25.00%,QC Checked
aa1bede4,46111_l,253x500x20,6dd5caf3,30-03-2026_l_Dhumal K.V.,Dhumal K.V.,30-03-2026,l,2,08:00:00,1111,1210,805,F2,796,30,asd666794,253,26,0,8,208,1.06412037,31-03-2026,ll,Jadhav sahil,09:32:20,8,0,Ok,0,,,,,208,0,0.00%,QC Checked
c7bc0d14,46111_l,550x350x50,6dd5caf3,30-03-2026_l_Dhumal K.V.,Dhumal K.V.,30-03-2026,l,2,08:00:00,1111,1210,805,F2,796,30,asd534811,550,32,0,1,32,1.064513889,31-03-2026,ll,Jadhav sahil,09:32:54,1,0,Ok,0,,,,,32,0,0.00%,QC Checked
d4f0a571,46111_l,250x350x50,6dd5caf3,30-03-2026_l_Dhumal K.V.,Dhumal K.V.,30-03-2026,l,2,08:00:00,1111,1210,805,F2,796,30,asd685787,250,15,0,2,30,1.064803241,31-03-2026,ll,Jadhav sahil,09:33:19,1,1,Ok,,,,,1,15,15,50.00%,QC Checked
728b3f5e,46111_l,489x500x20,6dd5caf3,30-03-2026_l_Dhumal K.V.,Dhumal K.V.,30-03-2026,l,3,09:00:00,1141,1210,805,F2,821,32,asd636462,489,48,0,4,192,1.05875,31-03-2026,ll,Jadhav sahil,10:24:36,3,1,Ok,,1,,,,144,48,25.00%,QC Checked
f98f240e,46111_l,436x500x20,6dd5caf3,30-03-2026_l_Dhumal K.V.,Dhumal K.V.,30-03-2026,l,3,09:00:00,1141,1210,805,F2,821,30,asd221530,436,43,0,7,301,1.0596875,31-03-2026,ll,Jadhav sahil,10:25:57,5,2,Ok,,2,,,,215,86,28.57%,QC Checked
d36741fe,46111_l,386x500x20,6dd5caf3,30-03-2026_l_Dhumal K.V.,Dhumal K.V.,30-03-2026,l,3,09:00:00,1141,1210,805,F2,821,30,asd143430,386,38,0,4,152,1.06,31-03-2026,ll,Jadhav sahil,10:26:24,2,2,Ok,1,1,,,,76,76,50.00%,QC Checked
c7fb7182,46111_l,336x500x20,6dd5caf3,30-03-2026_l_Dhumal K.V.,Dhumal K.V.,30-03-2026,l,3,09:00:00,1141,1210,805,F2,821,30,asd961942,336,34,0,4,136,1.060219907,31-03-2026,ll,Jadhav sahil,10:26:43,3,1,Ok,,1,,,,102,34,25.00%,QC Checked
9cd52857,46111_l,253x500x20,6dd5caf3,30-03-2026_l_Dhumal K.V.,Dhumal K.V.,30-03-2026,l,3,09:00:00,1141,1210,805,F2,821,30,asd666794,253,26,0,8,208,1.060474537,31-03-2026,ll,Jadhav sahil,10:27:05,8,0,Ok,0,,,,,208,0,0.00%,QC Checked
a3799797,46111_l,550x350x50,6dd5caf3,30-03-2026_l_Dhumal K.V.,Dhumal K.V.,30-03-2026,l,3,09:00:00,1141,1210,805,F2,821,30,asd534811,550,32,,1,32,1.06087963,31-03-2026,ll,Jadhav sahil,10:27:40,1,0,Ok,0,,,,,32,0,0.00%,QC Checked
55068785,46111_l,250x350x50,6dd5caf3,30-03-2026_l_Dhumal K.V.,Dhumal K.V.,30-03-2026,l,3,09:00:00,1141,1210,805,F2,821,30,asd685787,250,15,,2,30,1.061018519,31-03-2026,ll,Jadhav sahil,10:27:52,1,1,Ok,,1,,,,15,15,50.00%,QC Checked
c23f09ee,46111_l,489x500x20,6dd5caf3,30-03-2026_l_Dhumal K.V.,Dhumal K.V.,30-03-2026,l,4,09:50:00,,1210,805,F2,,32,asd636462,489,48,0,4,192,1.051886574,31-03-2026,lll,Kanase Suraj,11:04:43,2,2,Ok,,1,1,,,96,96,50.00%,QC Checked
64e96cc7,46111_l,436x500x20,6dd5caf3,30-03-2026_l_Dhumal K.V.,Dhumal K.V.,30-03-2026,l,4,09:50:00,,1210,805,F2,,30,asd221530,436,43,0,8,344,1.052615741,31-03-2026,lll,Kanase Suraj,11:05:46,7,1,Ok,,1,,,,301,43,12.50%,QC Checked
28dff3b0,46111_l,386x500x20,6dd5caf3,30-03-2026_l_Dhumal K.V.,Dhumal K.V.,30-03-2026,l,4,09:50:00,,1210,805,F2,,30,asd143430,386,38,0,4,152,1.052858796,31-03-2026,lll,Kanase Suraj,11:06:07,3,1,Ok,,1,,,,114,38,25.00%,QC Checked
76408050,46111_l,336x500x20,6dd5caf3,30-03-2026_l_Dhumal K.V.,Dhumal K.V.,30-03-2026,l,4,09:50:00,,1210,805,F2,,30,asd961942,336,34,0,4,136,1.05337963,31-03-2026,lll,Kanase Suraj,11:06:52,3,1,Ok,,1,,,,102,34,25.00%,QC Checked
0757f08a,46111_l,253x500x20,6dd5caf3,30-03-2026_l_Dhumal K.V.,Dhumal K.V.,30-03-2026,l,4,09:50:00,,1210,805,F2,,30,asd666794,253,26,0,8,208,1.053634259,31-03-2026,lll,Kanase Suraj,11:07:14,7,1,Ok,,1,,,,182,26,12.50%,QC Checked
90eac1f5,46111_l,550x350x50,6dd5caf3,30-03-2026_l_Dhumal K.V.,Dhumal K.V.,30-03-2026,l,4,09:50:00,,1210,805,F2,,30,asd534811,550,32,0,2,64,1.053854167,31-03-2026,lll,Kanase Suraj,11:07:33,2,0,Ok,0,,,,,64,0,0.00%,QC Checked
fb8fad0b,46111_l,250x350x50,6dd5caf3,30-03-2026_l_Dhumal K.V.,Dhumal K.V.,30-03-2026,l,4,09:50:00,,1210,805,F2,,30,asd685787,250,15,0,2,30,1.054050926,31-03-2026,lll,Kanase Suraj,11:07:50,1,1,Ok,,,0,0,1,15,15,50.00%,QC Checked
b657e9e9,46111_l,489x500x20,6dd5caf3,30-03-2026_l_Dhumal K.V.,Dhumal K.V.,30-03-2026,l,5,10:40:00,,1210,805,F2,,32,asd636462,489,48,0,2,96,1.070300926,31-03-2026,lll,Kanase Suraj,12:21:14,1,1,Ok,,,1,,,48,48,50.00%,QC Checked
5c28409e,46111_l,436x500x20,6dd5caf3,30-03-2026_l_Dhumal K.V.,Dhumal K.V.,30-03-2026,l,5,10:40:00,,1210,805,F2,,30,asd221530,436,43,,4,172,1.071296296,31-03-2026,lll,Kanase Suraj,12:22:40,3,1,Ok,,1,,,,129,43,25.00%,QC Checked
2065d8ff,46111_l,386x500x20,6dd5caf3,30-03-2026_l_Dhumal K.V.,Dhumal K.V.,30-03-2026,l,5,10:40:00,,1210,805,F2,,30,asd143430,386,38,,2,76,1.071539352,31-03-2026,lll,Kanase Suraj,12:23:01,2,0,Ok,,0,,,,76,0,0.00%,QC Checked
82cca604,46111_l,336x500x20,6dd5caf3,30-03-2026_l_Dhumal K.V.,Dhumal K.V.,30-03-2026,l,5,10:40:00,,1210,805,F2,,30,asd961942,336,34,0,2,68,1.072291667,31-03-2026,lll,Kanase Suraj,12:24:06,2,0,Ok,0,,,,,68,0,0.00%,QC Checked
ab24bfb1,46111_l,253x500x20,6dd5caf3,30-03-2026_l_Dhumal K.V.,Dhumal K.V.,30-03-2026,l,5,10:40:00,,1210,805,F2,,30,asd666794,253,26,0,4,104,1.073194444,31-03-2026,lll,Kanase Suraj,12:25:24,4,0,Ok,,0,,,,104,0,0.00%,QC Checked
43f8bff2,46111_l,550x350x50,6dd5caf3,30-03-2026_l_Dhumal K.V.,Dhumal K.V.,30-03-2026,l,5,10:40:00,,1210,805,F2,,30,asd534811,550,32,0,1,32,1.073425926,31-03-2026,lll,Kanase Suraj,12:25:44,0,1,Ok,,,,,1,0,32,100.00%,QC Checked
aa59d699,46111_l,489x500x20,6dd5caf3,30-03-2026_l_Dhumal K.V.,Dhumal K.V.,30-03-2026,l,6,11:30:00,1148,1210,805,F2,814,32,asd636462,489,48,0,2,96,1.058877315,31-03-2026,lll,Kanase Suraj,12:54:47,1,1,Ok,,1,0,,,48,48,50.00%,QC Checked
fcaf9e45,46111_l,436x500x20,6dd5caf3,30-03-2026_l_Dhumal K.V.,Dhumal K.V.,30-03-2026,l,6,11:30:00,1148,1210,805,F2,814,30,asd221530,436,43,0,4,172,1.059722222,31-03-2026,lll,Kanase Suraj,12:56:00,3,1,Ok,,1,,,,129,43,25.00%,QC Checked
3e6918a8,46111_l,386x500x20,6dd5caf3,30-03-2026_l_Dhumal K.V.,Dhumal K.V.,30-03-2026,l,6,11:30:00,1148,1210,805,F2,814,30,asd143430,386,38,0,2,76,1.059953704,31-03-2026,lll,Kanase Suraj,12:56:20,2,0,Ok,,0,,,,76,0,0.00%,QC Checked
16bf8dc0,46111_l,336x500x20,6dd5caf3,30-03-2026_l_Dhumal K.V.,Dhumal K.V.,30-03-2026,l,6,11:30:00,1148,1210,805,F2,814,30,asd961942,336,34,0,2,68,1.060127315,31-03-2026,lll,Kanase Suraj,12:56:35,2,0,Ok,,0,,,,68,0,0.00%,QC Checked
9bd9a25e,46111_l,253x500x20,6dd5caf3,30-03-2026_l_Dhumal K.V.,Dhumal K.V.,30-03-2026,l,6,11:30:00,1148,1210,805,F2,814,30,asd666794,253,26,0,4,104,1.060347222,31-03-2026,lll,Kanase Suraj,12:56:54,4,0,Ok,,,0,,,104,0,0.00%,QC Checked
153958a8,46111_l,550x350x50,6dd5caf3,30-03-2026_l_Dhumal K.V.,Dhumal K.V.,30-03-2026,l,6,11:30:00,1148,1210,805,F2,814,30,asd534811,550,32,0,1,32,1.060509259,31-03-2026,lll,Kanase Suraj,12:57:08,0,1,Ok,,1,,,,0,32,100.00%,QC Checked
bf6e1327,46111_l,489x500x20,6dd5caf3,30-03-2026_l_Dhumal K.V.,Dhumal K.V.,30-03-2026,l,7,12:30:00,,1210,805,F2,,32,asd636462,489,48,0,4,192,1.057152778,31-03-2026,lll,Kanase Suraj,13:52:18,2,2,Ok,,1,0,1,,96,96,50.00%,QC Checked
899948a8,46111_l,436x500x20,6dd5caf3,30-03-2026_l_Dhumal K.V.,Dhumal K.V.,30-03-2026,l,7,12:30:00,,1210,805,F2,,30,asd221530,436,43,0,8,344,1.058599537,31-03-2026,lll,Kanase Suraj,13:54:23,6,2,Ok,,0,,2,,258,86,25.00%,QC Checked
0e3e9c2a,46111_l,386x500x20,6dd5caf3,30-03-2026_l_Dhumal K.V.,Dhumal K.V.,30-03-2026,l,7,12:30:00,,1210,805,F2,,30,asd143430,386,38,0,4,152,1.058981481,31-03-2026,lll,Kanase Suraj,13:54:56,4,0,Ok,,0,0,,,152,0,0.00%,QC Checked
a546376a,46111_l,336x500x20,6dd5caf3,30-03-2026_l_Dhumal K.V.,Dhumal K.V.,30-03-2026,l,7,12:30:00,,1210,805,F2,,30,asd961942,336,34,0,4,136,1.059282407,31-03-2026,lll,Kanase Suraj,13:55:22,4,0,Ok,,0,,,,136,0,0.00%,QC Checked
3f4a0a3d,46111_l,253x500x20,6dd5caf3,30-03-2026_l_Dhumal K.V.,Dhumal K.V.,30-03-2026,l,7,12:30:00,,1210,805,F2,,30,asd666794,253,26,0,8,208,1.059548611,31-03-2026,lll,Kanase Suraj,13:55:45,8,0,Ok,,0,0,,,208,0,0.00%,QC Checked
073f1c55,46111_l,550x350x50,6dd5caf3,30-03-2026_l_Dhumal K.V.,Dhumal K.V.,30-03-2026,l,7,12:30:00,,1210,805,F2,,30,asd534811,550,32,0,2,64,1.06,31-03-2026,lll,Kanase Suraj,13:56:24,1,1,Ok,,1,,,,32,32,50.00%,QC Checked
e8eec330,46111_l,489x500x20,6dd5caf3,30-03-2026_l_Dhumal K.V.,Dhumal K.V.,30-03-2026,l,8,13:30:00,,1210,805,F2,,32,asd636462,489,48,0,4,192,1.050266204,31-03-2026,lll,Kanase Suraj,14:42:23,2,2,Ok,,1,,1,,96,96,50.00%,QC Checked
b0fc682b,46111_l,436x500x20,6dd5caf3,30-03-2026_l_Dhumal K.V.,Dhumal K.V.,30-03-2026,l,8,13:30:00,,1210,805,F2,,30,asd221530,436,43,,6,258,1.051388889,31-03-2026,lll,Kanase Suraj,14:44:00,2,4,Ok,,1,1,2,,86,172,66.67%,QC Checked
3ce0decc,46111_l,386x500x20,6dd5caf3,30-03-2026_l_Dhumal K.V.,Dhumal K.V.,30-03-2026,l,8,13:30:00,,1210,805,F2,,30,asd143430,386,38,,3,114,1.051597222,31-03-2026,lll,Kanase Suraj,14:44:18,1,2,Ok,,1,,1,,38,76,66.67%,QC Checked
ba6de0e2,46111_l,336x500x20,6dd5caf3,30-03-2026_l_Dhumal K.V.,Dhumal K.V.,30-03-2026,l,8,13:30:00,,1210,805,F2,,30,asd961942,336,34,,3,102,1.051793981,31-03-2026,lll,Kanase Suraj,14:44:35,1,2,Ok,,1,1,,,34,68,66.67%,QC Checked
10e3e84c,46111_l,253x500x20,6dd5caf3,30-03-2026_l_Dhumal K.V.,Dhumal K.V.,30-03-2026,l,8,13:30:00,,1210,805,F2,,30,asd666794,253,26,,6,156,1.051921296,31-03-2026,lll,Kanase Suraj,14:44:46,4,2,Ok,,,,2,,104,52,33.33%,QC Checked
f545efd3,46111_l,550x350x50,6dd5caf3,30-03-2026_l_Dhumal K.V.,Dhumal K.V.,30-03-2026,l,8,13:30:00,,1210,805,F2,,30,asd534811,550,32,,1,32,1.052071759,31-03-2026,lll,Kanase Suraj,14:44:59,0,1,Ok,0,,,,1,0,32,100.00%,QC Checked
bc6a1d74,46111_l,250x350x50,6dd5caf3,30-03-2026_l_Dhumal K.V.,Dhumal K.V.,30-03-2026,l,8,13:30:00,,1210,805,F2,,30,asd685787,250,15,,1,15,1.052199074,31-03-2026,lll,Kanase Suraj,14:45:10,0,1,Ok,,,,,1,0,15,100.00%,QC Checked
fb2bedf5,46111_l,489x500x20,6dd5caf3,30-03-2026_l_Dhumal K.V.,Dhumal K.V.,30-03-2026,l,9,14:30:00,,1210,805,F2,,32,asd636462,489,48,0,2,96,1.025532407,31-03-2026,lll,Kanase Suraj,15:06:46,0,2,Ok,,,,2,,0,96,100.00%,QC Checked
0bd0c0f3,46111_l,436x500x20,6dd5caf3,30-03-2026_l_Dhumal K.V.,Dhumal K.V.,30-03-2026,l,9,14:30:00,,1210,805,F2,,30,asd221530,436,43,,4,172,1.026134259,31-03-2026,lll,Kanase Suraj,15:07:38,1,3,Ok,,,,3,,43,129,75.00%,QC Checked
c629dc41,46111_l,386x500x20,6dd5caf3,30-03-2026_l_Dhumal K.V.,Dhumal K.V.,30-03-2026,l,9,14:30:00,,1210,805,F2,,30,asd143430,386,38,0,2,76,1.026354167,31-03-2026,lll,Kanase Suraj,15:07:57,0,2,Ok,,1,,1,,0,76,100.00%,QC Checked
f03a3f8f,46111_l,336x500x20,6dd5caf3,30-03-2026_l_Dhumal K.V.,Dhumal K.V.,30-03-2026,l,9,14:30:00,,1210,805,F2,,30,asd961942,336,34,0,2,68,1.026585648,31-03-2026,lll,Kanase Suraj,15:08:17,0,2,Ok,,1,,1,,0,68,100.00%,QC Checked
6f8b39bf,46111_l,253x500x20,6dd5caf3,30-03-2026_l_Dhumal K.V.,Dhumal K.V.,30-03-2026,l,9,14:30:00,,1210,805,F2,,30,asd666794,253,26,,4,104,1.026770833,31-03-2026,lll,Kanase Suraj,15:08:33,2,2,Ok,,,,2,,52,52,50.00%,QC Checked
0712bcb2,46111_l,250x350x50,6dd5caf3,30-03-2026_l_Dhumal K.V.,Dhumal K.V.,30-03-2026,l,9,14:30:00,,1210,805,F2,,30,asd685787,250,15,,1,15,1.026921296,31-03-2026,lll,Kanase Suraj,15:08:46,0,1,Ok,,,,,1,0,15,100.00%,QC Checked
aee49ea5,46111_ll,489x500x20,676d6f9b,30-03-2026_ll_Bankar D.M.,Bankar D.M.,30-03-2026,ll,10,15:30:00,,,,F2,,,asd636462,489,48,,2,96,1.040034722,31-03-2026,lll,Kanase Suraj,16:27:39,0,2,Ok,,,,2,,0,96,100.00%,QC Checked
2e4b437c,46111_ll,436x500x20,676d6f9b,30-03-2026_ll_Bankar D.M.,Bankar D.M.,30-03-2026,ll,10,15:30:00,,,,F2,,,asd221530,436,43,,8,344,1.040474537,31-03-2026,lll,Kanase Suraj,16:28:17,4,4,Ok,,1,1,2,,172,172,50.00%,QC Checked
a49088b2,46111_ll,386x500x20,676d6f9b,30-03-2026_ll_Bankar D.M.,Bankar D.M.,30-03-2026,ll,10,15:30:00,,,,F2,,,asd143430,386,38,,4,152,1.040868056,31-03-2026,lll,Kanase Suraj,16:28:51,2,2,Ok,,1,,1,,76,76,50.00%,QC Checked
ff598d76,46111_ll,336x500x20,676d6f9b,30-03-2026_ll_Bankar D.M.,Bankar D.M.,30-03-2026,ll,10,15:30:00,,,,F2,,,asd961942,336,34,,4,136,1.042141204,31-03-2026,lll,Kanase Suraj,16:30:41,3,1,Ok,,,,1,,102,34,25.00%,QC Checked
5e840e9a,46111_ll,253x500x20,676d6f9b,30-03-2026_ll_Bankar D.M.,Bankar D.M.,30-03-2026,ll,10,15:30:00,,,,F2,,,asd666794,253,26,,7,182,1.0425,31-03-2026,lll,Kanase Suraj,16:31:12,7,0,Ok,0,,,,,182,0,0.00%,QC Checked
7560829b,46111_ll,550x350x50,676d6f9b,30-03-2026_ll_Bankar D.M.,Bankar D.M.,30-03-2026,ll,10,15:30:00,,,,F2,,,asd534811,550,32,,2,64,1.042847222,31-03-2026,lll,Kanase Suraj,16:31:42,2,0,Ok,0,,,,,64,0,0.00%,QC Checked
cbee301c,46111_ll,250x350x50,676d6f9b,30-03-2026_ll_Bankar D.M.,Bankar D.M.,30-03-2026,ll,10,15:30:00,,,,F2,,,asd685787,250,15,,2,30,1.043090278,31-03-2026,lll,Kanase Suraj,16:32:03,1,1,Ok,,,,,1,15,15,50.00%,QC Checked
201a3c78,46111_ll,489x500x20,676d6f9b,30-03-2026_ll_Bankar D.M.,Bankar D.M.,30-03-2026,ll,11,16:20:00,,,,F2,,,asd636462,489,48,,4,192,1.098240741,31-03-2026,lll,Kanase Suraj,18:41:28,3,1,Ok,,,,1,,144,48,25.00%,QC Checked
e362a379,46111_ll,436x500x20,676d6f9b,30-03-2026_ll_Bankar D.M.,Bankar D.M.,30-03-2026,ll,11,16:20:00,,,,F2,,,asd221530,436,43,,8,344,1.098576389,31-03-2026,lll,Kanase Suraj,18:41:57,5,3,Ok,,2,,1,,215,129,37.50%,QC Checked
a07e07e8,46111_ll,386x500x20,676d6f9b,30-03-2026_ll_Bankar D.M.,Bankar D.M.,30-03-2026,ll,11,16:20:00,,,,F2,,,asd143430,386,38,,4,152,1.09880787,31-03-2026,lll,Kanase Suraj,18:42:17,4,0,Ok,0,,,,,152,0,0.00%,QC Checked
0511be8c,46111_ll,336x500x20,676d6f9b,30-03-2026_ll_Bankar D.M.,Bankar D.M.,30-03-2026,ll,11,16:20:00,,,,F2,,,asd961942,336,34,,4,136,1.099074074,31-03-2026,lll,Kanase Suraj,18:42:40,4,0,Ok,0,,,,,136,0,0.00%,QC Checked
aa29e8bf,46111_ll,253x500x20,676d6f9b,30-03-2026_ll_Bankar D.M.,Bankar D.M.,30-03-2026,ll,11,16:20:00,,,,F2,,,asd666794,253,26,,8,208,1.099375,31-03-2026,lll,Kanase Suraj,18:43:06,7,1,Ok,,1,,,,182,26,12.50%,QC Checked
ff30c27b,46111_ll,550x350x50,676d6f9b,30-03-2026_ll_Bankar D.M.,Bankar D.M.,30-03-2026,ll,11,16:20:00,,,,F2,,,asd534811,550,32,,2,64,1.100474537,31-03-2026,lll,Kanase Suraj,18:44:41,0,2,Ok,,,,,2,0,64,100.00%,QC Checked
798055ac,46111_ll,250x350x50,676d6f9b,30-03-2026_ll_Bankar D.M.,Bankar D.M.,30-03-2026,ll,11,16:20:00,,,,F2,,,asd685787,250,15,,1,15,1.100706019,31-03-2026,lll,Kanase Suraj,18:45:01,0,1,Ok,,,,,1,0,15,100.00%,QC Checked
0e224afc,46111_ll,489x500x20,676d6f9b,30-03-2026_ll_Bankar D.M.,Bankar D.M.,30-03-2026,ll,12,17:10:00,,,,F2,,,asd636462,489,48,,5,240,2.066296296,01-04-2026,l,Jadhav sahil,18:45:28,4,1,Ok,,1,,,,192,48,20.00%,QC Checked
a51d9f85,46111_ll,436x500x20,676d6f9b,30-03-2026_ll_Bankar D.M.,Bankar D.M.,30-03-2026,ll,12,17:10:00,,,,F2,,,asd221530,436,43,,8,344,2.066724537,01-04-2026,l,Jadhav sahil,18:46:05,5,3,Ok,,3,,,,215,129,37.50%,QC Checked
12e2215c,46111_ll,386x500x20,676d6f9b,30-03-2026_ll_Bankar D.M.,Bankar D.M.,30-03-2026,ll,12,17:10:00,,,,F2,,,asd143430,386,38,,4,152,2.067152778,01-04-2026,l,Jadhav sahil,18:46:42,4,0,Ok,,0,,,,152,0,0.00%,QC Checked
dd7b7fbc,46111_ll,336x500x20,676d6f9b,30-03-2026_ll_Bankar D.M.,Bankar D.M.,30-03-2026,ll,12,17:10:00,,,,F2,,,asd961942,336,34,,4,136,2.070219907,01-04-2026,l,Jadhav sahil,18:51:07,3,1,Ok,,1,,,,102,34,25.00%,QC Checked
e72f3910,46111_ll,253x500x20,676d6f9b,30-03-2026_ll_Bankar D.M.,Bankar D.M.,30-03-2026,ll,12,17:10:00,,,,F2,,,asd666794,253,26,,8,208,2.070625,01-04-2026,l,Jadhav sahil,18:51:42,6,2,Ok,,2,,,,156,52,25.00%,QC Checked
e4b46cfe,46111_ll,550x350x50,676d6f9b,30-03-2026_ll_Bankar D.M.,Bankar D.M.,30-03-2026,ll,12,17:10:00,,,,F2,,,asd534811,550,32,,2,64,2.088275463,01-04-2026,l,Jadhav sahil,19:17:07,0,2,Ok,,1,,,1,0,64,100.00%,QC Checked
bc577c2f,46111_ll,250x350x50,676d6f9b,30-03-2026_ll_Bankar D.M.,Bankar D.M.,30-03-2026,ll,12,17:10:00,,,,F2,,,asd685787,250,15,,2,30,2.089131944,01-04-2026,l,Jadhav sahil,19:18:21,2,0,Ok,0,,,,,30,0,0.00%,QC Checked
964f4268,46111_ll,489x500x20,676d6f9b,30-03-2026_ll_Bankar D.M.,Bankar D.M.,30-03-2026,ll,13,18:00:00,,,,F2,,,asd636462,489,48,,3,144,2.135810185,01-04-2026,l,Jadhav sahil,21:15:34,1,2,Ok,,2,,,,48,96,66.67%,QC Checked
b6c54a0f,46111_ll,436x500x20,676d6f9b,30-03-2026_ll_Bankar D.M.,Bankar D.M.,30-03-2026,ll,13,18:00:00,,,,F2,,,asd221530,436,43,,6,258,2.136296296,01-04-2026,l,Jadhav sahil,21:16:16,5,1,Ok,,1,,,,215,43,16.67%,QC Checked
55c8aba1,46111_ll,386x500x20,676d6f9b,30-03-2026_ll_Bankar D.M.,Bankar D.M.,30-03-2026,ll,13,18:00:00,,,,F2,,,asd143430,386,38,,3,114,2.136944444,01-04-2026,l,Jadhav sahil,21:17:12,3,0,Ok,0,,,,,114,0,0.00%,QC Checked
4a938d7a,46111_ll,336x500x20,676d6f9b,30-03-2026_ll_Bankar D.M.,Bankar D.M.,30-03-2026,ll,13,18:00:00,,,,F2,,,asd961942,336,34,,2,68,2.137719907,01-04-2026,l,Jadhav sahil,21:18:19,2,0,Ok,0,,,,,68,0,0.00%,QC Checked
36711ea9,46111_ll,253x500x20,676d6f9b,30-03-2026_ll_Bankar D.M.,Bankar D.M.,30-03-2026,ll,13,18:00:00,,,,F2,,,asd666794,253,26,,3,78,2.138055556,01-04-2026,l,Jadhav sahil,21:18:48,3,0,Ok,0,,,,,78,0,0.00%,QC Checked
90842305,46111_ll,489x500x20,676d6f9b,30-03-2026_ll_Bankar D.M.,Bankar D.M.,30-03-2026,ll,14,18:50:00,,,,F2,,,asd636462,489,48,,4,192,2.104027778,01-04-2026,l,Jadhav sahil,21:19:48,4,0,Ok,0,,,,,192,0,0.00%,QC Checked
6ac5bcfe,46111_ll,436x500x20,676d6f9b,30-03-2026_ll_Bankar D.M.,Bankar D.M.,30-03-2026,ll,14,18:50:00,,,,F2,,,asd221530,436,43,,8,344,2.104444444,01-04-2026,l,Jadhav sahil,21:20:24,7,1,Ok,,1,,,,301,43,12.50%,QC Checked
b216f09e,46111_ll,386x500x20,676d6f9b,30-03-2026_ll_Bankar D.M.,Bankar D.M.,30-03-2026,ll,14,18:50:00,,,,F2,,,asd143430,386,38,,4,152,2.104930556,01-04-2026,l,Jadhav sahil,21:21:06,1,3,Ok,,2,,1,,38,114,75.00%,QC Checked
c4d5c04d,46111_ll,336x500x20,676d6f9b,30-03-2026_ll_Bankar D.M.,Bankar D.M.,30-03-2026,ll,14,18:50:00,,,,F2,,,asd961942,336,34,,4,136,2.105543981,01-04-2026,l,Jadhav sahil,21:21:59,3,1,Ok,,1,,,,102,34,25.00%,QC Checked
7c9d8f01,46111_ll,253x500x20,676d6f9b,30-03-2026_ll_Bankar D.M.,Bankar D.M.,30-03-2026,ll,14,18:50:00,,,,F2,,,asd666794,253,26,,8,208,2.106400463,01-04-2026,l,Jadhav sahil,21:23:13,7,1,Ok,,1,,,,182,26,12.50%,QC Checked
498e022a,46111_ll,550x350x50,676d6f9b,30-03-2026_ll_Bankar D.M.,Bankar D.M.,30-03-2026,ll,14,18:50:00,,,,F2,,,asd534811,550,32,,1,32,2.106701389,01-04-2026,l,Jadhav sahil,21:23:39,1,0,Ok,0,,,,,32,0,0.00%,QC Checked
7af0be6a,46111_ll,250x350x50,676d6f9b,30-03-2026_ll_Bankar D.M.,Bankar D.M.,30-03-2026,ll,14,18:50:00,,,,F2,,,asd685787,250,15,,1,15,2.106956019,01-04-2026,l,Jadhav sahil,21:24:01,1,0,Ok,,0,,,,15,0,0.00%,QC Checked
46fc63db,46111_ll,489x500x20,676d6f9b,30-03-2026_ll_Bankar D.M.,Bankar D.M.,30-03-2026,ll,15,19:40:00,,,,F2,,,asd636462,489,48,,4,192,2.07255787,01-04-2026,l,Jadhav sahil,21:24:29,2,2,Ok,,2,,,,96,96,50.00%,QC Checked
342f4b96,46111_ll,436x500x20,676d6f9b,30-03-2026_ll_Bankar D.M.,Bankar D.M.,30-03-2026,ll,15,19:40:00,,,,F2,,,asd221530,436,43,,7,301,2.073125,01-04-2026,l,Jadhav sahil,21:25:18,6,1,Ok,,1,,,,258,43,14.29%,QC Checked
516f426a,46111_ll,386x500x20,676d6f9b,30-03-2026_ll_Bankar D.M.,Bankar D.M.,30-03-2026,ll,15,19:40:00,,,,F2,,,asd143430,386,38,,3,114,2.074710648,01-04-2026,l,Jadhav sahil,21:27:35,2,1,Ok,,1,,,,76,38,33.33%,QC Checked
f4bb27f4,46111_ll,336x500x20,676d6f9b,30-03-2026_ll_Bankar D.M.,Bankar D.M.,30-03-2026,ll,15,19:40:00,,,,F2,,,asd961942,336,34,,3,102,2.103252315,01-04-2026,l,Jadhav sahil,22:08:41,2,1,Ok,,1,,,,68,34,33.33%,QC Checked
4380d245,46111_ll,253x500x20,676d6f9b,30-03-2026_ll_Bankar D.M.,Bankar D.M.,30-03-2026,ll,15,19:40:00,,,,F2,,,asd666794,253,26,,6,156,2.103969907,01-04-2026,l,Jadhav sahil,22:09:43,4,2,Ok,,2,,,,104,52,33.33%,QC Checked
75e1d449,46111_ll,550x350x50,676d6f9b,30-03-2026_ll_Bankar D.M.,Bankar D.M.,30-03-2026,ll,15,19:40:00,,,,F2,,,asd534811,550,32,,1,32,2.105462963,01-04-2026,l,Jadhav sahil,22:11:52,1,0,Ok,0,,,,,32,0,0.00%,QC Checked
16da895b,46111_ll,250x350x50,676d6f9b,30-03-2026_ll_Bankar D.M.,Bankar D.M.,30-03-2026,ll,15,22:12:00,,,,F2,,,asd685787,250,15,,1,15,2.000173611,01-04-2026,l,Jadhav sahil,22:12:15,1,0,Ok,0,,,,,15,0,0.00%,QC Checked
58d3e875,46111_ll,489x500x20,676d6f9b,30-03-2026_ll_Bankar D.M.,Bankar D.M.,30-03-2026,ll,16,20:30:00,,,,F2,,,asd636462,489,48,,3,144,2.071840278,01-04-2026,l,Jadhav sahil,22:13:27,2,1,Ok,,1,,,,96,48,33.33%,QC Checked
f32167ea,46111_ll,436x500x20,676d6f9b,30-03-2026_ll_Bankar D.M.,Bankar D.M.,30-03-2026,ll,16,20:30:00,,,,F2,,,asd221530,436,43,,6,258,2.072083333,01-04-2026,l,Jadhav sahil,22:13:48,4,2,Ok,,2,,,,172,86,33.33%,QC Checked
7dc2619e,46111_ll,386x500x20,676d6f9b,30-03-2026_ll_Bankar D.M.,Bankar D.M.,30-03-2026,ll,16,20:30:00,,,,F2,,,asd143430,386,38,,3,114,2.07255787,01-04-2026,l,Jadhav sahil,22:14:29,1,2,Ok,,1,,,1,38,76,66.67%,QC Checked
f8c521eb,46111_ll,336x500x20,676d6f9b,30-03-2026_ll_Bankar D.M.,Bankar D.M.,30-03-2026,ll,16,20:30:00,,,,F2,,,asd961942,336,34,,2,68,2.073310185,01-04-2026,l,Jadhav sahil,22:15:34,1,1,Ok,,,,,1,34,34,50.00%,QC Checked
9da35b52,46111_ll,253x500x20,676d6f9b,30-03-2026_ll_Bankar D.M.,Bankar D.M.,30-03-2026,ll,16,20:30:00,,,,F2,,,asd666794,253,26,,4,104,2.073819444,01-04-2026,l,Jadhav sahil,22:16:18,1,3,Ok,,2,,,1,26,78,75.00%,QC Checked
18308d44,46111_ll,550x350x50,676d6f9b,30-03-2026_ll_Bankar D.M.,Bankar D.M.,30-03-2026,ll,16,20:30:00,,,,F2,,,asd534811,550,32,,1,32,2.074282407,01-04-2026,l,Jadhav sahil,22:16:58,1,0,Ok,,0,,,,32,0,0.00%,QC Checked
b8fd4ae1,46111_ll,489x500x20,676d6f9b,30-03-2026_ll_Bankar D.M.,Bankar D.M.,30-03-2026,ll,17,21:40:00,,,,F2,,,asd636462,489,48,,4,192,0.06,30-03-2026,,,23:06:24,4,0,Ok,,,,,,192,0,0.00%,Inside Tunnel
d5774a5b,46111_ll,436x500x20,676d6f9b,30-03-2026_ll_Bankar D.M.,Bankar D.M.,30-03-2026,ll,17,21:40:00,,,,F2,,,asd221530,436,43,,8,344,0.06043981481,30-03-2026,,,23:07:02,8,0,Ok,,,,,,344,0,0.00%,Inside Tunnel
3a57cf14,46111_ll,386x500x20,676d6f9b,30-03-2026_ll_Bankar D.M.,Bankar D.M.,30-03-2026,ll,17,21:40:00,,,,F2,,,asd143430,386,38,,4,152,0.06075231481,30-03-2026,,,23:07:29,4,0,Ok,,,,,,152,0,0.00%,Inside Tunnel
528e756b,46111_ll,336x500x20,676d6f9b,30-03-2026_ll_Bankar D.M.,Bankar D.M.,30-03-2026,ll,17,21:40:00,,,,F2,,,asd961942,336,34,,4,136,0.06101851851,30-03-2026,,,23:07:52,4,0,Ok,,,,,,136,0,0.00%,Inside Tunnel
64dd2233,46111_ll,253x500x20,676d6f9b,30-03-2026_ll_Bankar D.M.,Bankar D.M.,30-03-2026,ll,17,21:40:00,,,,F2,,,asd666794,253,26,,7,182,0.06152777778,30-03-2026,,,23:08:36,7,0,Ok,,,,,,182,0,0.00%,Inside Tunnel
97d4425e,46111_ll,550x350x50,676d6f9b,30-03-2026_ll_Bankar D.M.,Bankar D.M.,30-03-2026,ll,17,21:40:00,,,,F2,,,asd534811,550,32,1,1,32,0.06179398148,30-03-2026,,,23:08:59,1,0,Ok,,,,,,32,0,0.00%,Inside Tunnel
d986e859,46111_ll,250x350x50,676d6f9b,30-03-2026_ll_Bankar D.M.,Bankar D.M.,30-03-2026,ll,17,21:40:00,,,,F2,,,asd685787,250,15,,1,15,0.06208333333,30-03-2026,,,23:09:24,1,0,Ok,,,,,,15,0,0.00%,Inside Tunnel
74236534,46111_lll,489x500x20,a308fab1,#N/A,,30-03-2026,lll,18,22:40:00,,,,F2,,32,asd636462,489,48,1,3,144,0.0537962963,30-03-2026,,,23:57:28,3,0,Ok,,,,,,144,0,0.00%,Inside Tunnel
c9be40d2,46111_lll,436x500x20,a308fab1,#N/A,,30-03-2026,lll,18,22:40:00,,1210,805,F2,,32,asd221530,436,43,,4,172,0.05461805555,30-03-2026,,,23:58:39,4,0,Ok,,,,,,172,0,0.00%,Inside Tunnel
fcf44b5f,46111_lll,386x500x20,a308fab1,#N/A,,30-03-2026,lll,18,22:40:00,,1210,805,F2,,30,asd143430,386,38,1,3,114,0.05553240741,30-03-2026,,,23:59:58,3,0,Ok,,,,,,114,0,0.00%,Inside Tunnel
ddb59ea7,46111_lll,336x500x20,a308fab1,#N/A,,30-03-2026,lll,18,22:40:00,,1210,805,F2,,31,asd961942,336,34,,3,102,0.0558912037,31-03-2026,,,00:00:29,3,0,Ok,,,,,,102,0,0.00%,Inside Tunnel
a383b2c8,46111_lll,253x500x20,a308fab1,#N/A,,30-03-2026,lll,18,22:40:00,,1210,805,F2,,29,asd666794,253,26,,6,156,0.05670138889,31-03-2026,,,00:01:39,6,0,Ok,,,,,,156,0,0.00%,Inside Tunnel
1928f764,46111_lll,550x350x50,a308fab1,#N/A,,30-03-2026,lll,18,22:40:00,,1210,805,F2,,,asd534811,550,32,1,,0,0.0571412037,31-03-2026,,,00:02:17,0,0,Ok,,,,,,0,0,0.00%,Inside Tunnel
e1a1330b,46111_lll,250x350x50,a308fab1,#N/A,,30-03-2026,lll,18,22:40:00,,1210,805,F2,,,asd685787,250,15,,1,15,0.0575462963,31-03-2026,,,00:02:52,1,0,Ok,,,,,,15,0,0.00%,Inside Tunnel
726c3dd2,46111_lll,489x500x20,a308fab1,#N/A,,30-03-2026,lll,19,23:30:00,1115,1210,805,F2,810,32,asd636462,489,48,0,2,96,0.06835648148,31-03-2026,,,01:08:26,2,0,Ok,,,,,,96,0,0.00%,Inside Tunnel
95fb4b71,46111_lll,436x500x20,a308fab1,#N/A,,30-03-2026,lll,19,23:30:00,1115,1210,805,F2,810,31,asd221530,436,43,0,4,172,0.06972222222,31-03-2026,,,01:10:24,4,0,Ok,,,,,,172,0,0.00%,Inside Tunnel
c98c53ff,46111_lll,386x500x20,a308fab1,#N/A,,30-03-2026,lll,19,23:30:00,1115,1210,805,F2,810,30,asd143430,386,38,,1,38,0.07002314815,31-03-2026,,,01:10:50,1,0,Ok,,,,,,38,0,0.00%,Inside Tunnel
c7e94217,46111_lll,336x500x20,a308fab1,#N/A,,30-03-2026,lll,19,23:30:00,1115,1210,805,F2,810,31,asd961942,336,34,,1,34,0.07038194445,31-03-2026,,,01:11:21,1,0,Ok,,,,,,34,0,0.00%,Inside Tunnel
c843a8f8,46111_lll,253x500x20,a308fab1,#N/A,,30-03-2026,lll,19,23:30:00,1115,1210,805,F2,810,29,asd666794,253,26,,2,52,0.07060185185,31-03-2026,,,01:11:40,2,0,Ok,,,,,,52,0,0.00%,Inside Tunnel
846cad4d,46111_lll,550x350x50,a308fab1,#N/A,,30-03-2026,lll,19,23:30:00,,1210,805,F2,,,asd534811,550,32,,,0,0.07089120371,31-03-2026,,,01:12:05,0,0,Ok,,,,,,0,0,0.00%,Inside Tunnel
3d5b8cc8,46111_lll,250x350x50,a308fab1,#N/A,,30-03-2026,lll,19,23:30:00,,1210,805,F2,,,asd685787,250,15,,,0,0.07146990741,31-03-2026,,,01:12:55,0,0,Ok,,,,,,0,0,0.00%,Inside Tunnel
6af6754c,46111_lll,489x500x20,a308fab1,#N/A,,30-03-2026,lll,20,00:20:00,,,,F2,,,asd636462,489,48,,3,144,1.048761574,31-03-2026,,,01:30:13,3,0,Ok,,,,,,144,0,0.00%,Inside Tunnel
1cd01444,46111_lll,436x500x20,a308fab1,#N/A,,30-03-2026,lll,20,00:20:00,,,,F2,,31,asd221530,436,43,0,6,258,1.050300926,31-03-2026,,,01:32:26,6,0,Ok,,,,,,258,0,0.00%,Inside Tunnel
40e2bbd9,46111_lll,386x500x20,a308fab1,#N/A,,30-03-2026,lll,20,00:20:00,,,,F2,,30,asd143430,386,38,0,3,114,1.0509375,31-03-2026,,,01:33:21,3,0,Ok,,,,,,114,0,0.00%,Inside Tunnel
e86ce072,46111_lll,336x500x20,a308fab1,#N/A,,30-03-2026,lll,20,00:20:00,,,,F2,,,asd961942,336,34,0,3,102,1.051585648,31-03-2026,,,01:34:17,3,0,Ok,,,,,,102,0,0.00%,Inside Tunnel
141d068b,46111_lll,253x500x20,a308fab1,#N/A,,30-03-2026,lll,20,00:20:00,,,,F2,,29,5fc89043,253,26,,4,104,1.052233796,31-03-2026,,,01:35:13,4,0,Ok,,,,,,104,0,0.00%,Inside Tunnel
aaa2d668,46111_lll,550x350x50,a308fab1,#N/A,,30-03-2026,lll,20,00:20:00,,,,F2,,,asd534811,550,32,,1,32,1.052581019,31-03-2026,,,01:35:43,1,0,Ok,,,,,,32,0,0.00%,Inside Tunnel
20984d2d,46111_lll,250x350x50,a308fab1,#N/A,,30-03-2026,lll,20,00:20:00,,,,F2,,,asd685787,250,15,,1,15,1.05287037,31-03-2026,,,01:36:08,1,0,Ok,,,,,,15,0,0.00%,Inside Tunnel
1d24898a,46111_lll,489x500x20,a308fab1,#N/A,,30-03-2026,lll,21,01:20:00,,,,F2,,,asd636462,489,48,,4,192,1.063043981,31-03-2026,,,02:50:47,4,0,Ok,,,,,,192,0,0.00%,Inside Tunnel
48985b23,46111_lll,436x500x20,a308fab1,#N/A,,30-03-2026,lll,21,01:20:00,,,,F2,,,asd221530,436,43,,8,344,1.064085648,31-03-2026,,,02:52:17,8,0,Ok,,,,,,344,0,0.00%,Inside Tunnel
ff49d7a8,46111_lll,386x500x20,a308fab1,#N/A,,30-03-2026,lll,21,01:20:00,,,,F2,,,asd143430,386,38,,3,114,1.064456019,31-03-2026,,,02:52:49,3,0,Ok,,,,,,114,0,0.00%,Inside Tunnel
2d427d9b,46111_lll,336x500x20,a308fab1,#N/A,,30-03-2026,lll,21,01:20:00,,,,F2,,,asd961942,336,34,,3,102,1.064618056,31-03-2026,,,02:53:03,3,0,Ok,,,,,,102,0,0.00%,Inside Tunnel
dc68c2b5,46111_lll,253x500x20,a308fab1,#N/A,,30-03-2026,lll,21,01:20:00,,,,F2,,,asd666794,253,26,,5,130,1.06474537,31-03-2026,,,02:53:14,5,0,Ok,,,,,,130,0,0.00%,Inside Tunnel
638e16a2,46111_lll,550x350x50,a308fab1,#N/A,,30-03-2026,lll,21,01:20:00,,,,F2,,,asd534811,550,32,,1,32,1.064930556,31-03-2026,,,02:53:30,1,0,Ok,,,,,,32,0,0.00%,Inside Tunnel
341e3f1d,46111_lll,250x350x50,a308fab1,#N/A,,30-03-2026,lll,21,01:20:00,,,,F2,,,asd685787,250,15,,1,15,1.065081019,31-03-2026,,,02:53:43,1,0,Ok,,,,,,15,0,0.00%,Inside Tunnel
b9ff3e1b,46111_lll,489x500x20,a308fab1,#N/A,,30-03-2026,lll,22,02:10:00,,,,F2,,,asd636462,489,48,,4,192,1.048726852,31-03-2026,,,03:20:10,4,0,Ok,,,,,,192,0,0.00%,Inside Tunnel
87ddedda,46111_lll,436x500x20,a308fab1,#N/A,,30-03-2026,lll,22,02:10:00,,,,F2,,,asd221530,436,43,,8,344,1.049189815,31-03-2026,,,03:20:50,8,0,Ok,,,,,,344,0,0.00%,Inside Tunnel
684e94f7,46111_lll,386x500x20,a308fab1,#N/A,,30-03-2026,lll,22,02:10:00,,,,F2,,,asd143430,386,38,,4,152,1.049386574,31-03-2026,,,03:21:07,4,0,Ok,,,,,,152,0,0.00%,Inside Tunnel
81e6fda3,46111_lll,336x500x20,a308fab1,#N/A,,30-03-2026,lll,22,02:10:00,,,,F2,,,asd961942,336,34,,4,136,1.049560185,31-03-2026,,,03:21:22,4,0,Ok,,,,,,136,0,0.00%,Inside Tunnel
d8f11991,46111_lll,253x500x20,a308fab1,#N/A,,30-03-2026,lll,22,02:10:00,,,,F2,,,asd666794,253,26,,8,208,1.049722222,31-03-2026,,,03:21:36,8,0,Ok,,,,,,208,0,0.00%,Inside Tunnel
2b26cdca,46111_lll,550x350x50,a308fab1,#N/A,,30-03-2026,lll,22,02:10:00,,,,F2,,,asd534811,550,32,,1,32,1.049918981,31-03-2026,,,03:21:53,1,0,Ok,,,,,,32,0,0.00%,Inside Tunnel
2adcd09e,46111_lll,250x350x50,a308fab1,#N/A,,30-03-2026,lll,22,02:10:00,,,,F2,,,asd685787,250,15,,1,15,1.05005787,31-03-2026,,,03:22:05,1,0,Ok,,,,,,15,0,0.00%,Inside Tunnel
6eb6a6f2,46111_lll,489x500x20,a308fab1,#N/A,,30-03-2026,lll,23,03:10:00,,,,F2,,,asd636462,489,48,,4,192,1.052662037,31-03-2026,,,04:25:50,4,0,Ok,,,,,,192,0,0.00%,Inside Tunnel
d430542e,46111_lll,436x500x20,a308fab1,#N/A,,30-03-2026,lll,23,03:10:00,,,,F2,,,asd221530,436,43,,6,258,1.053958333,31-03-2026,,,04:27:42,6,0,Ok,,,,,,258,0,0.00%,Inside Tunnel
1f6aa94b,46111_lll,386x500x20,a308fab1,#N/A,,30-03-2026,lll,23,03:10:00,,,,F2,,,asd143430,386,38,,3,114,1.05443287,31-03-2026,,,04:28:23,3,0,Ok,,,,,,114,0,0.00%,Inside Tunnel
e07705e0,46111_lll,336x500x20,a308fab1,#N/A,,30-03-2026,lll,23,03:10:00,,,,F2,,,asd961942,336,34,,3,102,1.054722222,31-03-2026,,,04:28:48,3,0,Ok,,,,,,102,0,0.00%,Inside Tunnel
5f832422,46111_lll,253x500x20,a308fab1,#N/A,,30-03-2026,lll,23,03:10:00,,,,F2,,,asd666794,253,26,,6,156,1.055034722,31-03-2026,,,04:29:15,6,0,Ok,,,,,,156,0,0.00%,Inside Tunnel
9c0046e1,46111_lll,550x350x50,a308fab1,#N/A,,30-03-2026,lll,23,03:10:00,,,,F2,,,asd534811,550,32,,1,32,1.055335648,31-03-2026,,,04:29:41,1,0,Ok,,,,,,32,0,0.00%,Inside Tunnel
cc96242f,46111_lll,250x350x50,a308fab1,#N/A,,30-03-2026,lll,23,03:10:00,,,,F2,,,asd685787,250,15,,1,15,1.055868056,31-03-2026,,,04:30:27,1,0,Ok,,,,,,15,0,0.00%,Inside Tunnel
e09d5b68,46111_lll,489x500x20,a308fab1,#N/A,,30-03-2026,lll,24,04:00:00,,,,F2,,,asd636462,489,48,,4,192,1.049456019,31-03-2026,,,05:11:13,4,0,Ok,,,,,,192,0,0.00%,Inside Tunnel
061be33a,46111_lll,436x500x20,a308fab1,#N/A,,30-03-2026,lll,24,04:00:00,1096,1210,805,F2,785,,asd221530,436,43,0,8,344,1.050046296,31-03-2026,,,05:12:04,8,0,Ok,,,,,,344,0,0.00%,Inside Tunnel
b8950d5e,46111_lll,386x500x20,a308fab1,#N/A,,30-03-2026,lll,24,04:00:00,1096,1210,805,F2,785,,asd143430,386,38,,4,152,1.050844907,31-03-2026,,,05:13:13,4,0,Ok,,,,,,152,0,0.00%,Inside Tunnel
48ba1aef,46111_lll,336x500x20,a308fab1,#N/A,,30-03-2026,lll,24,04:00:00,,,,F2,,,asd961942,336,34,,4,136,1.0521875,31-03-2026,,,05:15:09,4,0,Ok,,,,,,136,0,0.00%,Inside Tunnel
0f04e032,46111_lll,253x500x20,a308fab1,#N/A,,30-03-2026,lll,24,04:00:00,,,,F2,,,asd666794,253,26,,8,208,1.052627315,31-03-2026,,,05:15:47,8,0,Ok,,,,,,208,0,0.00%,Inside Tunnel
a9339e19,46111_lll,550x350x50,a308fab1,#N/A,,30-03-2026,lll,24,04:00:00,,,,F2,,,asd534811,550,32,,1,32,1.052800926,31-03-2026,,,05:16:02,1,0,Ok,,,,,,32,0,0.00%,Inside Tunnel
9f985bd6,46111_lll,250x350x50,a308fab1,#N/A,,30-03-2026,lll,24,04:00:00,,,,F2,,,asd685787,250,15,,1,15,1.053020833,31-03-2026,,,05:16:21,1,0,Ok,,,,,,15,0,0.00%,Inside Tunnel
06d74ef9,46111_lll,489x500x20,a308fab1,#N/A,,30-03-2026,lll,25,05:00:00,,1210,805,F2,,32,asd636462,489,48,0,5,240,1.057951389,31-03-2026,,,06:23:27,5,0,Ok,,,,,,240,0,0.00%,Inside Tunnel
66f741f2,46111_lll,436x500x20,a308fab1,#N/A,,30-03-2026,lll,25,05:00:00,,1210,805,F2,,31,asd221530,436,43,0,10,430,1.058981481,31-03-2026,,,06:24:56,10,0,Ok,,,,,,430,0,0.00%,Inside Tunnel
269570a9,46111_lll,386x500x20,a308fab1,#N/A,,30-03-2026,lll,25,05:00:00,,1210,805,F2,,30,asd143430,386,38,0,4,152,1.059270833,31-03-2026,,,06:25:21,4,0,Ok,,,,,,152,0,0.00%,Inside Tunnel
db79550a,46111_lll,336x500x20,a308fab1,#N/A,,30-03-2026,lll,25,05:00:00,,1210,805,F2,,30,asd961942,336,34,,3,102,1.059513889,31-03-2026,,,06:25:42,3,0,Ok,,,,,,102,0,0.00%,Inside Tunnel
1a72d048,46111_lll,253x500x20,a308fab1,#N/A,,30-03-2026,lll,25,05:00:00,,1210,805,F2,,29,5fc89043,253,26,0,6,156,1.059756944,31-03-2026,,,06:26:03,6,0,Ok,,,,,,156,0,0.00%,Inside Tunnel
a82c0dfd,46111_lll,550x350x50,a308fab1,#N/A,,30-03-2026,lll,25,05:00:00,,1210,805,F2,,29,asd534811,550,32,,1,32,1.060173611,31-03-2026,,,06:26:39,1,0,Ok,,,,,,32,0,0.00%,Inside Tunnel
affe1e95,46111_lll,250x350x50,a308fab1,#N/A,,30-03-2026,lll,25,05:00:00,,1210,805,F2,,29,asd685787,250,15,0,1,15,1.060590278,31-03-2026,,,06:27:15,1,0,Ok,,,,,,15,0,0.00%,Inside Tunnel
3ba668f5,46111_lll,489x500x20,a308fab1,#N/A,,30-03-2026,lll,26,06:00:00,1105,1210,805,F2,805,32,asd636462,489,48,0,4,192,1.034537037,31-03-2026,,,06:49:44,4,0,Ok,,,,,,192,0,0.00%,Inside Tunnel
9e4f3528,46111_lll,436x500x20,a308fab1,#N/A,,30-03-2026,lll,26,06:00:00,1105,1210,805,F2,805,31,asd221530,436,43,0,8,344,1.037627315,31-03-2026,,,06:54:11,8,0,Ok,,,,,,344,0,0.00%,Inside Tunnel
bfeb59d8,46111_lll,386x500x20,a308fab1,#N/A,,30-03-2026,lll,26,06:00:00,,1210,805,F2,,30,asd143430,386,38,0,4,152,1.038981481,31-03-2026,,,06:56:08,4,0,Ok,,,,,,152,0,0.00%,Inside Tunnel
1e2390a7,46111_lll,336x500x20,a308fab1,#N/A,,30-03-2026,lll,26,06:00:00,,1210,805,F2,,30,asd961942,336,34,0,4,136,1.039641204,31-03-2026,,,06:57:05,4,0,Ok,,,,,,136,0,0.00%,Inside Tunnel
ee77ba8a,46111_lll,336x500x20,a308fab1,#N/A,,30-03-2026,lll,26,06:00:00,,1210,805,F2,,30,asd961942,336,34,0,4,136,1.040509259,31-03-2026,,,06:58:20,4,0,Ok,,,,,,136,0,0.00%,Inside Tunnel
f65d430e,46111_lll,253x500x20,a308fab1,#N/A,,30-03-2026,lll,26,06:00:00,,1210,805,F2,,30,asd666794,253,26,0,8,208,1.041342593,31-03-2026,,,06:59:32,8,0,Ok,,,,,,208,0,0.00%,Inside Tunnel
f9fb64e4,46112_l,489x500x20,05e9cae9,31-03-2026_l_Dhumal K.V.,Dhumal K.V.,31-03-2026,l,27,07:10:00,1113,1210,805,F2,842,32,asd636462,489,48,0,3,144,0.1300347222,31-03-2026,,,10:17:15,3,0,Ok,,,,,,144,0,0.00%,Inside Tunnel
1146331b,46112_l,436x500x20,05e9cae9,31-03-2026_l_Dhumal K.V.,Dhumal K.V.,31-03-2026,l,27,07:10:00,1113,1210,805,F2,842,30,asd221530,436,43,0,5,215,0.1313194444,31-03-2026,,,10:19:06,5,0,Ok,,,,,,215,0,0.00%,Inside Tunnel
8d6e406d,46112_l,386x500x20,05e9cae9,31-03-2026_l_Dhumal K.V.,Dhumal K.V.,31-03-2026,l,27,07:10:00,1113,1210,805,F2,842,30,asd143430,386,38,0,2,76,0.132037037,31-03-2026,,,10:20:08,2,0,Ok,,,,,,76,0,0.00%,Inside Tunnel
636e537b,46112_l,336x500x20,05e9cae9,31-03-2026_l_Dhumal K.V.,Dhumal K.V.,31-03-2026,l,27,07:10:00,1113,1210,805,F2,842,30,asd961942,336,34,0,2,68,0.1325925926,31-03-2026,,,10:20:56,2,0,Ok,,,,,,68,0,0.00%,Inside Tunnel
02a0498c,46112_l,253x500x20,05e9cae9,31-03-2026_l_Dhumal K.V.,Dhumal K.V.,31-03-2026,l,27,07:10:00,1113,1210,805,F2,842,30,asd666794,253,26,0,3,78,0.1330092593,31-03-2026,,,10:21:32,3,0,Ok,,,,,,78,0,0.00%,Inside Tunnel
f65b66db,46112_l,550x350x50,05e9cae9,31-03-2026_l_Dhumal K.V.,Dhumal K.V.,31-03-2026,l,27,07:10:00,1113,1210,805,F2,842,30,asd534811,550,32,0,1,32,0.1333449074,31-03-2026,,,10:22:01,1,0,Ok,,,,,,32,0,0.00%,Inside Tunnel
8daf99c5,46112_l,489x500x20,05e9cae9,31-03-2026_l_Dhumal K.V.,Dhumal K.V.,31-03-2026,l,28,08:10:00,1113,1210,805,F2,842,32,asd636462,489,48,0,4,192,0.09208333333,31-03-2026,,,10:22:36,4,0,Ok,,,,,,192,0,0.00%,Inside Tunnel
7f880d22,46112_l,436x500x20,05e9cae9,31-03-2026_l_Dhumal K.V.,Dhumal K.V.,31-03-2026,l,28,08:10:00,1113,1210,805,F2,842,30,asd221530,436,43,0,7,301,0.09313657407,31-03-2026,,,10:24:07,7,0,Ok,,,,,,301,0,0.00%,Inside Tunnel
b293dfeb,46112_l,386x500x20,05e9cae9,31-03-2026_l_Dhumal K.V.,Dhumal K.V.,31-03-2026,l,28,08:10:00,1113,1210,805,F2,842,30,asd143430,386,38,0,3,114,0.0934375,31-03-2026,,,10:24:33,3,0,Ok,,,,,,114,0,0.00%,Inside Tunnel
4b95f4dd,46112_l,336x500x20,05e9cae9,31-03-2026_l_Dhumal K.V.,Dhumal K.V.,31-03-2026,l,28,08:10:00,1113,1210,805,F2,842,30,asd961942,336,34,0,3,102,0.09377314815,31-03-2026,,,10:25:02,3,0,Ok,,,,,,102,0,0.00%,Inside Tunnel
6f6cfc7d,46112_l,253x500x20,05e9cae9,31-03-2026_l_Dhumal K.V.,Dhumal K.V.,31-03-2026,l,28,08:10:00,1113,1210,805,F2,842,30,5fc89043,253,26,0,4,104,0.09398148148,31-03-2026,,,10:25:20,4,0,Ok,,,,,,104,0,0.00%,Inside Tunnel
2df6ff36,46112_l,550x350x50,05e9cae9,31-03-2026_l_Dhumal K.V.,Dhumal K.V.,31-03-2026,l,28,08:10:00,1113,1210,805,F2,842,30,asd534811,550,32,0,2,64,0.09429398148,31-03-2026,,,10:25:47,2,0,Ok,,,,,,64,0,0.00%,Inside Tunnel
37c780c3,46112_l,250x350x50,05e9cae9,31-03-2026_l_Dhumal K.V.,Dhumal K.V.,31-03-2026,l,28,08:10:00,1113,1210,805,F2,842,30,asd685787,250,15,0,1,15,0.09453703703,31-03-2026,,,10:26:08,1,0,Ok,,,,,,15,0,0.00%,Inside Tunnel
8681c591,46112_l,489x500x20,05e9cae9,31-03-2026_l_Dhumal K.V.,Dhumal K.V.,31-03-2026,l,29,08:50:00,1113,1210,805,F2,842,32,asd636462,489,48,0,4,192,0.06704861111,31-03-2026,,,10:26:33,4,0,Ok,,,,,,192,0,0.00%,Inside Tunnel
9ba4226b,46112_l,436x500x20,05e9cae9,31-03-2026_l_Dhumal K.V.,Dhumal K.V.,31-03-2026,l,29,08:50:00,1113,1210,805,F2,842,30,asd221530,436,43,0,8,344,0.06822916667,31-03-2026,,,10:28:15,8,0,Ok,,,,,,344,0,0.00%,Inside Tunnel
68c44144,46112_l,386x500x20,05e9cae9,31-03-2026_l_Dhumal K.V.,Dhumal K.V.,31-03-2026,l,29,08:50:00,1113,1210,805,F2,842,30,asd143430,386,38,0,4,152,0.06854166667,31-03-2026,,,10:28:42,4,0,Ok,,,,,,152,0,0.00%,Inside Tunnel
fcb02de6,46112_l,336x500x20,05e9cae9,31-03-2026_l_Dhumal K.V.,Dhumal K.V.,31-03-2026,l,29,08:50:00,1113,1210,805,F2,842,30,asd961942,336,34,0,4,136,0.06885416667,31-03-2026,,,10:29:09,4,0,Ok,,,,,,136,0,0.00%,Inside Tunnel
d5a1f894,46112_l,253x500x20,05e9cae9,31-03-2026_l_Dhumal K.V.,Dhumal K.V.,31-03-2026,l,29,08:50:00,1113,1210,805,F2,842,30,asd666794,253,26,0,8,208,0.06912037037,31-03-2026,,,10:29:32,8,0,Ok,,,,,,208,0,0.00%,Inside Tunnel
7bbabb13,46112_l,550x350x50,05e9cae9,31-03-2026_l_Dhumal K.V.,Dhumal K.V.,31-03-2026,l,29,08:50:00,1113,1210,805,F2,842,30,asd534811,550,32,0,2,64,0.06940972222,31-03-2026,,,10:29:57,2,0,Ok,,,,,,64,0,0.00%,Inside Tunnel
8881d55c,46112_l,250x350x50,05e9cae9,31-03-2026_l_Dhumal K.V.,Dhumal K.V.,31-03-2026,l,29,08:50:00,1113,1210,805,F2,842,30,asd685787,250,15,0,1,15,0.06964120371,31-03-2026,,,10:30:17,1,0,Ok,,,,,,15,0,0.00%,Inside Tunnel
5fc3ec35,46112_l,489x500x20,05e9cae9,31-03-2026_l_Dhumal K.V.,Dhumal K.V.,31-03-2026,l,30,09:40:00,1114,1210,800,F2,842,32,asd636462,489,48,0,4,192,0.1191087963,31-03-2026,,,12:31:31,4,0,Ok,,,,,,192,0,0.00%,Inside Tunnel
8bf25db6,46112_l,436x500x20,05e9cae9,31-03-2026_l_Dhumal K.V.,Dhumal K.V.,31-03-2026,l,30,09:40:00,1114,1210,800,F2,842,32,asd221530,436,43,0,7,301,0.1196296296,31-03-2026,,,12:32:16,7,0,Ok,,,,,,301,0,0.00%,Inside Tunnel
1eb9c1fe,46112_l,386x500x20,05e9cae9,31-03-2026_l_Dhumal K.V.,Dhumal K.V.,31-03-2026,l,30,09:40:00,1114,1210,800,F2,842,32,asd143430,386,38,0,3,114,0.1201388889,31-03-2026,,,12:33:00,3,0,Ok,,,,,,114,0,0.00%,Inside Tunnel
da01a2bd,46112_l,336x500x20,05e9cae9,31-03-2026_l_Dhumal K.V.,Dhumal K.V.,31-03-2026,l,30,09:40:00,1113,1210,800,F2,842,30,asd961942,336,34,0,3,102,0.121412037,31-03-2026,,,12:34:50,3,0,Ok,,,,,,102,0,0.00%,Inside Tunnel
52ebe68c,46112_l,253x500x20,05e9cae9,31-03-2026_l_Dhumal K.V.,Dhumal K.V.,31-03-2026,l,30,09:40:00,1113,1210,800,F2,842,30,5fc89043,253,26,0,6,156,0.1224768519,31-03-2026,,,12:36:22,6,0,Ok,,,,,,156,0,0.00%,Inside Tunnel
91356aec,46112_l,550x350x50,05e9cae9,31-03-2026_l_Dhumal K.V.,Dhumal K.V.,31-03-2026,l,30,09:40:00,1113,1210,800,F2,842,30,asd534811,550,32,0,2,64,0.1228125,31-03-2026,,,12:36:51,2,0,Ok,,,,,,64,0,0.00%,Inside Tunnel
efcd0df0,46112_l,250x350x50,05e9cae9,31-03-2026_l_Dhumal K.V.,Dhumal K.V.,31-03-2026,l,30,09:40:00,1113,1210,800,F2,842,30,asd685787,250,15,0,1,15,0.1230555556,31-03-2026,,,12:37:12,1,0,Ok,,,,,,15,0,0.00%,Inside Tunnel
827eefa6,46112_l,489x500x20,05e9cae9,31-03-2026_l_Dhumal K.V.,Dhumal K.V.,31-03-2026,l,31,10:40:00,1113,1210,800,F2,842,30,asd636462,489,48,0,4,192,0.0817824074,31-03-2026,,,12:37:46,4,0,Ok,,,,,,192,0,0.00%,Inside Tunnel
fe8c45c2,46112_l,436x500x20,05e9cae9,31-03-2026_l_Dhumal K.V.,Dhumal K.V.,31-03-2026,l,31,10:40:00,1113,1210,800,F2,842,30,asd221530,436,43,0,8,344,0.08226851852,31-03-2026,,,12:38:28,8,0,Ok,,,,,,344,0,0.00%,Inside Tunnel
6b02fe42,46112_l,386x500x20,05e9cae9,31-03-2026_l_Dhumal K.V.,Dhumal K.V.,31-03-2026,l,31,10:40:00,1113,1210,800,F2,842,30,asd143430,386,38,0,4,152,0.08263888889,31-03-2026,,,12:39:00,4,0,Ok,,,,,,152,0,0.00%,Inside Tunnel
42a5118b,46112_l,336x500x20,05e9cae9,31-03-2026_l_Dhumal K.V.,Dhumal K.V.,31-03-2026,l,31,10:40:00,1113,1210,800,F2,842,30,asd961942,336,34,0,3,102,0.08290509259,31-03-2026,,,12:39:23,3,0,Ok,,,,,,102,0,0.00%,Inside Tunnel
608b1d48,46112_l,253x500x20,05e9cae9,31-03-2026_l_Dhumal K.V.,Dhumal K.V.,31-03-2026,l,31,10:40:00,1113,1210,800,F2,842,30,asd666794,253,26,0,6,156,0.08314814815,31-03-2026,,,12:39:44,6,0,Ok,,,,,,156,0,0.00%,Inside Tunnel
a3e9bb26,46112_l,550x350x50,05e9cae9,31-03-2026_l_Dhumal K.V.,Dhumal K.V.,31-03-2026,l,31,10:40:00,1113,1210,800,F2,842,30,asd534811,550,32,0,2,64,0.08356481481,31-03-2026,,,12:40:20,2,0,Ok,,,,,,64,0,0.00%,Inside Tunnel
c0c6aa56,46112_l,489x500x20,05e9cae9,31-03-2026_l_Dhumal K.V.,Dhumal K.V.,31-03-2026,l,32,11:40:00,1109,1210,800,F2,825,32,asd636462,489,48,0,3,144,0.05202546297,31-03-2026,,,12:54:55,3,0,Ok,,,,,,144,0,0.00%,Inside Tunnel
8612db04,46112_l,436x500x20,05e9cae9,31-03-2026_l_Dhumal K.V.,Dhumal K.V.,31-03-2026,l,32,11:40:00,1109,1210,800,F2,825,32,asd221530,436,43,0,6,258,0.05364583334,31-03-2026,,,12:57:15,6,0,Ok,,,,,,258,0,0.00%,Inside Tunnel
d03f8b6d,46112_l,386x500x20,05e9cae9,31-03-2026_l_Dhumal K.V.,Dhumal K.V.,31-03-2026,l,32,11:40:00,1109,1210,800,F2,825,32,asd143430,386,38,0,3,114,0.05390046297,31-03-2026,,,12:57:37,3,0,Ok,,,,,,114,0,0.00%,Inside Tunnel
5b17b74d,46112_l,336x500x20,05e9cae9,31-03-2026_l_Dhumal K.V.,Dhumal K.V.,31-03-2026,l,32,11:40:00,1109,1210,800,F2,825,32,asd961942,336,34,0,3,102,0.05422453704,31-03-2026,,,12:58:05,3,0,Ok,,,,,,102,0,0.00%,Inside Tunnel
7f2b3a0c,46112_l,253x500x20,05e9cae9,31-03-2026_l_Dhumal K.V.,Dhumal K.V.,31-03-2026,l,32,11:40:00,1109,1210,800,F2,825,32,5fc89043,253,26,0,6,156,0.05458333334,31-03-2026,,,12:58:36,6,0,Ok,,,,,,156,0,0.00%,Inside Tunnel
fa3c5bc4,46112_l,550x350x50,05e9cae9,31-03-2026_l_Dhumal K.V.,Dhumal K.V.,31-03-2026,l,32,11:40:00,1109,1210,800,F2,825,30,asd534811,550,32,0,2,64,0.05502314815,31-03-2026,,,12:59:14,2,0,Ok,,,,,,64,0,0.00%,Inside Tunnel
c9f6144d,46112_l,250x350x50,05e9cae9,31-03-2026_l_Dhumal K.V.,Dhumal K.V.,31-03-2026,l,32,11:40:00,1109,1210,800,F2,825,30,asd685787,250,15,0,1,15,0.05538194445,31-03-2026,,,12:59:45,1,0,Ok,,,,,,15,0,0.00%,Inside Tunnel
87921150,46112_l,489x500x20,05e9cae9,31-03-2026_l_Dhumal K.V.,Dhumal K.V.,31-03-2026,l,33,12:30:00,1109,1210,800,F2,825,32,asd636462,489,48,0,4,192,0.06760416667,31-03-2026,,,14:07:21,4,0,Ok,,,,,,192,0,0.00%,Inside Tunnel
1c75272f,46112_l,436x500x20,05e9cae9,31-03-2026_l_Dhumal K.V.,Dhumal K.V.,31-03-2026,l,33,12:30:00,1109,1210,800,F2,825,30,asd221530,436,43,0,8,344,0.06857638888,31-03-2026,,,14:08:45,8,0,Ok,,,,,,344,0,0.00%,Inside Tunnel
e9514925,46112_l,386x500x20,05e9cae9,31-03-2026_l_Dhumal K.V.,Dhumal K.V.,31-03-2026,l,33,12:30:00,1109,1210,800,F2,825,30,asd143430,386,38,0,4,152,0.06886574074,31-03-2026,,,14:09:10,4,0,Ok,,,,,,152,0,0.00%,Inside Tunnel
a0f61e26,46112_l,336x500x20,05e9cae9,31-03-2026_l_Dhumal K.V.,Dhumal K.V.,31-03-2026,l,33,12:30:00,1109,1210,800,F2,825,30,asd961942,336,34,0,4,136,0.06918981481,31-03-2026,,,14:09:38,4,0,Ok,,,,,,136,0,0.00%,Inside Tunnel
2e7877d4,46112_l,253x500x20,05e9cae9,31-03-2026_l_Dhumal K.V.,Dhumal K.V.,31-03-2026,l,33,12:30:00,1109,1210,800,F2,825,30,asd666794,253,26,0,8,208,0.06940972222,31-03-2026,,,14:09:57,8,0,Ok,,,,,,208,0,0.00%,Inside Tunnel
fea283c3,46112_l,550x350x50,05e9cae9,31-03-2026_l_Dhumal K.V.,Dhumal K.V.,31-03-2026,l,33,12:30:00,1109,1210,800,F2,825,30,asd534811,550,32,0,2,64,0.07067129629,31-03-2026,,,14:11:46,2,0,Ok,,,,,,64,0,0.00%,Inside Tunnel
8e01cc79,46112_l,250x350x50,05e9cae9,31-03-2026_l_Dhumal K.V.,Dhumal K.V.,31-03-2026,l,33,12:30:00,1109,1210,800,F2,825,30,asd685787,250,15,0,1,15,0.07164351852,31-03-2026,,,14:13:10,1,0,Ok,,,,,,15,0,0.00%,Inside Tunnel
63758893,46112_l,489x500x20,05e9cae9,31-03-2026_l_Dhumal K.V.,Dhumal K.V.,31-03-2026,l,34,13:20:00,1103,1210,800,F2,834,32,asd636462,489,48,0,4,192,0.05469907408,31-03-2026,,,14:38:46,4,0,Ok,,,,,,192,0,0.00%,Inside Tunnel
032103a7,46112_l,436x500x20,05e9cae9,31-03-2026_l_Dhumal K.V.,Dhumal K.V.,31-03-2026,l,34,13:20:00,1103,1210,800,F2,834,32,asd221530,436,43,0,8,344,0.05641203704,31-03-2026,,,14:41:14,8,0,Ok,,,,,,344,0,0.00%,Inside Tunnel
199f617e,46112_l,386x500x20,05e9cae9,31-03-2026_l_Dhumal K.V.,Dhumal K.V.,31-03-2026,l,34,13:20:00,1103,1210,800,F2,834,30,asd143430,386,38,0,4,152,0.05666666667,31-03-2026,,,14:41:36,4,0,Ok,,,,,,152,0,0.00%,Inside Tunnel
ce1de597,46112_l,336x500x20,05e9cae9,31-03-2026_l_Dhumal K.V.,Dhumal K.V.,31-03-2026,l,34,13:20:00,1103,1210,800,F2,834,30,asd961942,336,34,0,3,102,0.05707175926,31-03-2026,,,14:42:11,3,0,Ok,,,,,,102,0,0.00%,Inside Tunnel
5d22578a,46112_l,253x500x20,05e9cae9,31-03-2026_l_Dhumal K.V.,Dhumal K.V.,31-03-2026,l,34,13:20:00,1103,1210,800,F2,834,30,asd666794,253,26,0,6,156,0.0575462963,31-03-2026,,,14:42:52,6,0,Ok,,,,,,156,0,0.00%,Inside Tunnel
fb2bbf66,46112_l,550x350x50,05e9cae9,31-03-2026_l_Dhumal K.V.,Dhumal K.V.,31-03-2026,l,34,13:20:00,1103,1210,800,F2,834,30,asd534811,550,32,0,2,64,0.05782407407,31-03-2026,,,14:43:16,2,0,Ok,,,,,,64,0,0.00%,Inside Tunnel
180b21eb,46112_l,250x350x50,05e9cae9,31-03-2026_l_Dhumal K.V.,Dhumal K.V.,31-03-2026,l,34,13:20:00,1103,1210,800,F2,834,30,asd685787,250,15,0,1,15,0.05809027778,31-03-2026,,,14:43:39,1,0,Ok,,,,,,15,0,0.00%,Inside Tunnel
eb72870a,46112_l,489x500x20,05e9cae9,31-03-2026_l_Dhumal K.V.,Dhumal K.V.,31-03-2026,l,35,15:02:00,1103,1210,800,F2,834,32,asd636462,489,48,0,3,144,0.0004629629693,31-03-2026,,,15:02:40,3,0,Ok,,,,,,144,0,0.00%,Inside Tunnel
165dd6fe,46112_l,436x500x20,05e9cae9,31-03-2026_l_Dhumal K.V.,Dhumal K.V.,31-03-2026,l,35,14:30:00,1103,1210,800,F2,834,30,asd221530,436,43,0,4,172,0.02325231482,31-03-2026,,,15:03:29,4,0,Ok,,,,,,172,0,0.00%,Inside Tunnel
ba4e0739,46112_l,386x500x20,05e9cae9,31-03-2026_l_Dhumal K.V.,Dhumal K.V.,31-03-2026,l,35,14:30:00,1103,1210,800,F2,834,30,asd143430,386,38,0,1,38,0.02381944445,31-03-2026,,,15:04:18,1,0,Ok,,,,,,38,0,0.00%,Inside Tunnel
ca33f958,46112_l,336x500x20,05e9cae9,31-03-2026_l_Dhumal K.V.,Dhumal K.V.,31-03-2026,l,35,14:30:00,1103,1210,800,F2,834,30,asd961942,336,34,0,1,34,0.02443287037,31-03-2026,,,15:05:11,1,0,Ok,,,,,,34,0,0.00%,Inside Tunnel
bad463d0,46112_l,253x500x20,05e9cae9,31-03-2026_l_Dhumal K.V.,Dhumal K.V.,31-03-2026,l,35,14:30:00,1103,1210,800,F2,834,30,5fc89043,253,26,0,1,26,0.02510416667,31-03-2026,,,15:06:09,1,0,Ok,,,,,,26,0,0.00%,Inside Tunnel
122425d5,46112_l, x x ,05e9cae9,31-03-2026_l_Dhumal K.V.,Dhumal K.V.,31-03-2026,l,35,14:30:00,1103,1210,800,F2,834,30,,#N/A,0,,,0,0.02530092592,31-03-2026,,,15:06:26,0,0,Ok,,,,,,0,0,0.00%,Inside Tunnel
153a24e0,46112_ll,489x500x20,1a747969,31-03-2026_ll_Pawar A.A,Pawar A.A,31-03-2026,ll,36,15:30:00,,,,F2,,,asd636462,489,48,,4,192,0.02935185185,31-03-2026,,,16:12:16,4,0,Ok,,,,,,192,0,0.00%,Inside Tunnel
077eb442,46112_ll,436x500x20,1a747969,31-03-2026_ll_Pawar A.A,Pawar A.A,31-03-2026,ll,36,15:30:00,,,,F2,,,asd221530,436,43,,8,344,0.02966435185,31-03-2026,,,16:12:43,8,0,Ok,,,,,,344,0,0.00%,Inside Tunnel
924e29c9,46112_ll,386x500x20,1a747969,31-03-2026_ll_Pawar A.A,Pawar A.A,31-03-2026,ll,36,15:30:00,,,,F2,,,asd143430,386,38,,4,152,0.03118055555,31-03-2026,,,16:14:54,4,0,Ok,,,,,,152,0,0.00%,Inside Tunnel
15d0e038,46112_ll,336x500x20,1a747969,31-03-2026_ll_Pawar A.A,Pawar A.A,31-03-2026,ll,36,15:30:00,,,,F2,,,asd961942,336,34,,4,136,0.03172453703,31-03-2026,,,16:15:41,4,0,Ok,,,,,,136,0,0.00%,Inside Tunnel
37130588,46112_ll,253x500x20,1a747969,31-03-2026_ll_Pawar A.A,Pawar A.A,31-03-2026,ll,36,15:30:00,,,,F2,,,asd666794,253,26,1,7,182,0.03193287037,31-03-2026,,,16:15:59,7,0,Ok,,,,,,182,0,0.00%,Inside Tunnel
8f09639b,46112_ll,550x350x50,1a747969,31-03-2026_ll_Pawar A.A,Pawar A.A,31-03-2026,ll,36,15:30:00,,,,F2,,,asd534811,550,32,,2,64,0.03224537037,31-03-2026,,,16:16:26,2,0,Ok,,,,,,64,0,0.00%,Inside Tunnel
0368ae42,46112_ll,250x350x50,1a747969,31-03-2026_ll_Pawar A.A,Pawar A.A,31-03-2026,ll,36,15:30:00,,,,F2,,,asd685787,250,15,,1,15,0.03258101852,31-03-2026,,,16:16:55,1,0,Ok,,,,,,15,0,0.00%,Inside Tunnel
98b6acf5,46112_ll,489x500x20,1a747969,31-03-2026_ll_Pawar A.A,Pawar A.A,31-03-2026,ll,37,16:20:00,,,,F2,,,asd636462,489,48,,4,192,-0.00199074074,31-03-2026,,,16:17:08,4,0,Ok,,,,,,192,0,0.00%,Inside Tunnel
04fd91b3,46112_ll,436x500x20,1a747969,31-03-2026_ll_Pawar A.A,Pawar A.A,31-03-2026,ll,37,16:20:00,,,,F2,,,asd221530,436,43,,8,344,0.02319444445,31-03-2026,,,16:53:24,8,0,Ok,,,,,,344,0,0.00%,Inside Tunnel
8c282c00,46112_ll,386x500x20,1a747969,31-03-2026_ll_Pawar A.A,Pawar A.A,31-03-2026,ll,37,16:20:00,,,,F2,,,asd143430,386,38,,3,114,0.02340277778,31-03-2026,,,16:53:42,3,0,Ok,,,,,,114,0,0.00%,Inside Tunnel
,,,,,,,,,,,,,,,,,,,,,,,,,,,,,,,,,,,,,,
e469857f,46112_ll,336x500x20,1a747969,31-03-2026_ll_Pawar A.A,Pawar A.A,31-03-2026,ll,37,16:20:00,,,,F2,,,asd961942,336,34,,3,102,0.02384259259,31-03-2026,,,16:54:20,3,0,Ok,,,,,,102,0,0.00%,Inside Tunnel
6da7d9e4,46112_ll,253x500x20,1a747969,31-03-2026_ll_Pawar A.A,Pawar A.A,31-03-2026,ll,37,16:20:00,,,,F2,,,asd666794,253,26,,6,156,0.02471064815,31-03-2026,,,16:55:35,6,0,Ok,,,,,,156,0,0.00%,Inside Tunnel
91a97e01,46112_ll,550x350x50,1a747969,31-03-2026_ll_Pawar A.A,Pawar A.A,31-03-2026,ll,37,16:20:00,,,,F2,,,asd534811,550,32,,2,64,0.02523148148,31-03-2026,,,16:56:20,2,0,Ok,,,,,,64,0,0.00%,Inside Tunnel
681d3b65,46112_ll,250x350x50,1a747969,31-03-2026_ll_Pawar A.A,Pawar A.A,31-03-2026,ll,37,16:20:00,,,,F2,,,asd685787,250,15,,1,15,0.02546296296,31-03-2026,,,16:56:40,1,0,Ok,,,,,,15,0,0.00%,Inside Tunnel
82c73006,46112_ll,489x500x20,1a747969,31-03-2026_ll_Pawar A.A,Pawar A.A,31-03-2026,ll,38,17:10:00,,,,F2,,,asd636462,489,48,,4,192,0.02630787036,31-03-2026,,,17:47:53,4,0,Ok,,,,,,192,0,0.00%,Inside Tunnel
23b1eed7,46112_ll,436x500x20,1a747969,31-03-2026_ll_Pawar A.A,Pawar A.A,31-03-2026,ll,38,17:10:00,,,,F2,,,asd221530,436,43,,8,344,0.02658564814,31-03-2026,,,17:48:17,8,0,Ok,,,,,,344,0,0.00%,Inside Tunnel
5cabf50a,46112_ll,386x500x20,1a747969,31-03-2026_ll_Pawar A.A,Pawar A.A,31-03-2026,ll,38,17:10:00,,,,F2,,,asd143430,386,38,,4,152,0.02677083333,31-03-2026,,,17:48:33,4,0,Ok,,,,,,152,0,0.00%,Inside Tunnel
cda8834e,46112_ll,336x500x20,1a747969,31-03-2026_ll_Pawar A.A,Pawar A.A,31-03-2026,ll,38,17:10:00,,,,F2,,,asd961942,336,34,,4,136,0.02704861111,31-03-2026,,,17:48:57,4,0,Ok,,,,,,136,0,0.00%,Inside Tunnel
faa4a2b0,46112_ll,253x500x20,1a747969,31-03-2026_ll_Pawar A.A,Pawar A.A,31-03-2026,ll,38,17:10:00,,,,F2,,,asd666794,253,26,,8,208,0.02725694444,31-03-2026,,,17:49:15,8,0,Ok,,,,,,208,0,0.00%,Inside Tunnel
99806a72,46112_ll,550x350x50,1a747969,31-03-2026_ll_Pawar A.A,Pawar A.A,31-03-2026,ll,38,17:10:00,,,,F2,,,asd534811,550,32,,2,64,0.02741898148,31-03-2026,,,17:49:29,2,0,Ok,,,,,,64,0,0.00%,Inside Tunnel
0686d96f,46112_ll,250x350x50,1a747969,31-03-2026_ll_Pawar A.A,Pawar A.A,31-03-2026,ll,38,17:10:00,,,,F2,,,asd685787,250,15,,2,30,0.02762731481,31-03-2026,,,17:49:47,2,0,Ok,,,,,,30,0,0.00%,Inside Tunnel
f7dac651,46112_ll,489x500x20,1a747969,31-03-2026_ll_Pawar A.A,Pawar A.A,31-03-2026,ll,39,18:00:00,,,,F2,,,asd636462,489,48,,4,192,-0.005729166667,31-03-2026,,,17:51:45,4,0,Ok,,,,,,192,0,0.00%,Inside Tunnel
3870b5e9,46112_ll,436x500x20,1a747969,31-03-2026_ll_Pawar A.A,Pawar A.A,31-03-2026,ll,39,18:00:00,,,,F2,,,asd221530,436,43,,8,344,0.0344212963,31-03-2026,,,18:49:34,8,0,Ok,,,,,,344,0,0.00%,Inside Tunnel
fc658767,46112_ll,386x500x20,1a747969,31-03-2026_ll_Pawar A.A,Pawar A.A,31-03-2026,ll,39,18:00:00,,,,F2,,,asd143430,386,38,,4,152,0.0347337963,31-03-2026,,,18:50:01,4,0,Ok,,,,,,152,0,0.00%,Inside Tunnel
4167dc5d,46112_ll,336x500x20,1a747969,31-03-2026_ll_Pawar A.A,Pawar A.A,31-03-2026,ll,39,18:00:00,,,,F2,,,asd961942,336,34,,4,136,0.03534722222,31-03-2026,,,18:50:54,4,0,Ok,,,,,,136,0,0.00%,Inside Tunnel
363ce889,46112_ll,253x500x20,1a747969,31-03-2026_ll_Pawar A.A,Pawar A.A,31-03-2026,ll,39,18:00:00,,,,F2,,,asd666794,253,26,,7,182,0.03556712963,31-03-2026,,,18:51:13,7,0,Ok,,,,,,182,0,0.00%,Inside Tunnel
77985648,46112_ll,550x350x50,1a747969,31-03-2026_ll_Pawar A.A,Pawar A.A,31-03-2026,ll,39,18:00:00,,,,F2,,,asd534811,550,32,,2,64,0.03578703704,31-03-2026,,,18:51:32,2,0,Ok,,,,,,64,0,0.00%,Inside Tunnel
16f1af43,46112_ll,489x500x20,1a747969,31-03-2026_ll_Pawar A.A,Pawar A.A,31-03-2026,ll,40,19:55:00,,,,F2,,,asd636462,489,48,,4,192,0.000115740746,31-03-2026,,,19:55:10,4,0,Ok,,,,,,192,0,0.00%,Inside Tunnel
8f2c22d2,46112_ll,436x500x20,1a747969,31-03-2026_ll_Pawar A.A,Pawar A.A,31-03-2026,ll,40,18:50:00,,,,F2,,,asd221530,436,43,,8,344,0.0457175926,31-03-2026,,,19:55:50,8,0,Ok,,,,,,344,0,0.00%,Inside Tunnel
0587859a,46112_ll,386x500x20,1a747969,31-03-2026_ll_Pawar A.A,Pawar A.A,31-03-2026,ll,40,18:50:00,,,,F2,,,asd143430,386,38,,4,152,0.04612268519,31-03-2026,,,19:56:25,4,0,Ok,,,,,,152,0,0.00%,Inside Tunnel
299f90bf,46112_ll,336x500x20,1a747969,31-03-2026_ll_Pawar A.A,Pawar A.A,31-03-2026,ll,40,18:50:00,,,,F2,,,asd961942,336,34,,4,136,0.04650462963,31-03-2026,,,19:56:58,4,0,Ok,,,,,,136,0,0.00%,Inside Tunnel
d6b90cff,46112_ll,253x500x20,1a747969,31-03-2026_ll_Pawar A.A,Pawar A.A,31-03-2026,ll,40,18:50:00,,,,F2,,,asd666794,253,26,,8,208,0.04686342593,31-03-2026,,,19:57:29,8,0,Ok,,,,,,208,0,0.00%,Inside Tunnel
d042324b,46112_ll,489x500x20,1a747969,31-03-2026_ll_Pawar A.A,Pawar A.A,31-03-2026,ll,41,19:40:00,,,,F2,,,asd636462,489,48,,4,192,0.04460648148,31-03-2026,,,20:44:14,4,0,Ok,,,,,,192,0,0.00%,Inside Tunnel
0ca94dda,46112_ll,436x500x20,1a747969,31-03-2026_ll_Pawar A.A,Pawar A.A,31-03-2026,ll,41,19:40:00,,,,F2,,,asd221530,436,43,,8,344,0.04542824074,31-03-2026,,,20:45:25,8,0,Ok,,,,,,344,0,0.00%,Inside Tunnel
d54da29d,46112_ll,386x500x20,1a747969,31-03-2026_ll_Pawar A.A,Pawar A.A,31-03-2026,ll,41,19:40:00,,,,F2,,,asd143430,386,38,,4,152,0.04565972222,31-03-2026,,,20:45:45,4,0,Ok,,,,,,152,0,0.00%,Inside Tunnel
99f0c73a,46112_ll,336x500x20,1a747969,31-03-2026_ll_Pawar A.A,Pawar A.A,31-03-2026,ll,41,19:40:00,,,,F2,,,asd961942,336,34,1,3,102,0.04585648148,31-03-2026,,,20:46:02,3,0,Ok,,,,,,102,0,0.00%,Inside Tunnel
d44b2a16,46112_ll,253x500x20,1a747969,31-03-2026_ll_Pawar A.A,Pawar A.A,31-03-2026,ll,41,19:40:00,,,,F2,,,asd666794,253,26,,8,208,0.04608796296,31-03-2026,,,20:46:22,8,0,Ok,,,,,,208,0,0.00%,Inside Tunnel
76f7989c,46112_ll,550x350x50,1a747969,31-03-2026_ll_Pawar A.A,Pawar A.A,31-03-2026,ll,41,19:40:00,,,,F2,,,asd534811,550,32,,1,32,0.04628472222,31-03-2026,,,20:46:39,1,0,Ok,,,,,,32,0,0.00%,Inside Tunnel
94d04d7a,46112_ll,489x400x20,1a747969,31-03-2026_ll_Pawar A.A,Pawar A.A,31-03-2026,ll,42,20:30:00,,,,F2,,,asd636463,489,38,1,4,152,0.08899305556,31-03-2026,,,22:38:09,4,0,Ok,,,,,,152,0,0.00%,Inside Tunnel
4d4c4d96,46112_ll,436x500x20,1a747969,31-03-2026_ll_Pawar A.A,Pawar A.A,31-03-2026,ll,42,20:30:00,,,,F2,,,asd221530,436,43,1,7,301,0.08979166667,31-03-2026,,,22:39:18,7,0,Ok,,,,,,301,0,0.00%,Inside Tunnel
751bb83e,46112_ll,386x500x20,1a747969,31-03-2026_ll_Pawar A.A,Pawar A.A,31-03-2026,ll,42,20:30:00,,,,F2,,,asd143430,386,38,1,4,152,0.09010416667,31-03-2026,,,22:39:45,4,0,Ok,,,,,,152,0,0.00%,Inside Tunnel
ffe6fdf1,46112_ll,336x500x20,1a747969,31-03-2026_ll_Pawar A.A,Pawar A.A,31-03-2026,ll,42,20:30:00,,,,F2,,,asd961942,336,34,,4,136,0.09032407407,31-03-2026,,,22:40:04,4,0,Ok,,,,,,136,0,0.00%,Inside Tunnel
38e9d9a6,46112_ll,253x500x20,1a747969,31-03-2026_ll_Pawar A.A,Pawar A.A,31-03-2026,ll,42,20:30:00,,,,F2,,,asd666794,253,26,,7,182,0.09049768519,31-03-2026,,,22:40:19,7,0,Ok,,,,,,182,0,0.00%,Inside Tunnel
3ec288be,46112_ll,550x350x50,1a747969,31-03-2026_ll_Pawar A.A,Pawar A.A,31-03-2026,ll,42,20:30:00,,,,F2,,,asd534811,550,32,,1,32,0.09077546297,31-03-2026,,,22:40:43,1,0,Ok,,,,,,32,0,0.00%,Inside Tunnel
8aee1209,46112_ll,489x500x20,1a747969,31-03-2026_ll_Pawar A.A,Pawar A.A,31-03-2026,ll,43,21:30:00,,,,F2,,,asd636462,489,48,,3,144,0.04954861111,31-03-2026,,,22:41:21,3,0,Ok,,,,,,144,0,0.00%,Inside Tunnel
3fe348d9,46112_ll,436x500x20,1a747969,31-03-2026_ll_Pawar A.A,Pawar A.A,31-03-2026,ll,43,21:30:00,,,,F2,,,asd221530,436,43,,7,301,0.0503125,31-03-2026,,,22:42:27,7,0,Ok,,,,,,301,0,0.00%,Inside Tunnel
d42497fe,46112_ll,386x500x20,1a747969,31-03-2026_ll_Pawar A.A,Pawar A.A,31-03-2026,ll,43,21:30:00,,,,F2,,,asd143430,386,38,,4,152,0.05075231481,31-03-2026,,,22:43:05,4,0,Ok,,,,,,152,0,0.00%,Inside Tunnel
ceb007ee,46112_ll,336x500x20,1a747969,31-03-2026_ll_Pawar A.A,Pawar A.A,31-03-2026,ll,43,21:30:00,,,,F2,,,asd961942,336,34,,3,102,0.05096064814,31-03-2026,,,22:43:23,3,0,Ok,,,,,,102,0,0.00%,Inside Tunnel
7cfe25f5,46112_ll,253x500x20,1a747969,31-03-2026_ll_Pawar A.A,Pawar A.A,31-03-2026,ll,43,21:30:00,,,,F2,,,asd666794,253,26,,6,156,0.05121527777,31-03-2026,,,22:43:45,6,0,Ok,,,,,,156,0,0.00%,Inside Tunnel
0efb89cb,46112_ll,550x350x50,1a747969,31-03-2026_ll_Pawar A.A,Pawar A.A,31-03-2026,ll,43,21:30:00,,,,F2,,,asd534811,550,32,,1,32,0.05142361111,31-03-2026,,,22:44:03,1,0,Ok,,,,,,32,0,0.00%,Inside Tunnel
5f819602,46112_ll,250x350x50,1a747969,31-03-2026_ll_Pawar A.A,Pawar A.A,31-03-2026,ll,43,21:30:00,,,,F2,,,asd685787,250,15,,1,15,0.05167824074,31-03-2026,,,22:44:25,1,0,Ok,,,,,,15,0,0.00%,Inside Tunnel
d8f1c0cb,46112_ll,489x500x20,1a747969,31-03-2026_ll_Pawar A.A,Pawar A.A,31-03-2026,ll,44,22:30:00,,,,F2,,,asd636462,489,48,,3,144,0.01168981481,31-03-2026,,,22:46:50,3,0,Ok,,,,,,144,0,0.00%,Inside Tunnel
cdf3f79c,46112_ll,436x500x20,1a747969,31-03-2026_ll_Pawar A.A,Pawar A.A,31-03-2026,ll,44,22:30:00,,,,F2,,,asd221530,436,43,,5,215,0.03041666667,31-03-2026,,,23:13:48,5,0,Ok,,,,,,215,0,0.00%,Inside Tunnel
ddb5308a,46112_ll,386x500x20,1a747969,31-03-2026_ll_Pawar A.A,Pawar A.A,31-03-2026,ll,44,22:30:00,,,,F2,,,asd143430,386,38,,2,76,0.03061342592,31-03-2026,,,23:14:05,2,0,Ok,,,,,,76,0,0.00%,Inside Tunnel
5f55654c,46112_ll,336x500x20,1a747969,31-03-2026_ll_Pawar A.A,Pawar A.A,31-03-2026,ll,44,22:30:00,,,,F2,,,asd961942,336,34,,2,68,0.03084490741,31-03-2026,,,23:14:25,2,0,Ok,,,,,,68,0,0.00%,Inside Tunnel
e69c2834,46112_ll,253x500x20,1a747969,31-03-2026_ll_Pawar A.A,Pawar A.A,31-03-2026,ll,44,22:30:00,,,,F2,,,asd666794,253,26,,4,104,0.0309837963,31-03-2026,,,23:14:37,4,0,Ok,,,,,,104,0,0.00%,Inside Tunnel
47b42a6b,46112_ll,550x350x50,1a747969,31-03-2026_ll_Pawar A.A,Pawar A.A,31-03-2026,ll,44,22:30:00,,,,F2,,,asd534811,550,32,,1,32,0.03136574074,31-03-2026,,,23:15:10,1,0,Ok,,,,,,32,0,0.00%,Inside Tunnel
1882b27b,46112_lll,489x500x20,8941b154,31-03-2026_lll_Chavan S.D.,Chavan S.D.,31-03-2026,lll,45,23:20:00,1103,,,F2,803,32,asd636462,489,48,0,4,192,0.0532175926,01-04-2026,,,00:36:38,4,0,Ok,,,,,,192,0,0.00%,Inside Tunnel
d3555ee0,46112_lll,436x500x20,8941b154,31-03-2026_lll_Chavan S.D.,Chavan S.D.,31-03-2026,lll,45,23:20:00,1103,1210,800,F2,803,31,asd221530,436,43,0,8,344,0.05479166667,01-04-2026,,,00:38:54,8,0,Ok,,,,,,344,0,0.00%,Inside Tunnel
df5df1a5,46112_lll,386x500x20,8941b154,31-03-2026_lll_Chavan S.D.,Chavan S.D.,31-03-2026,lll,45,23:20:00,1103,1210,800,F2,803,30,asd143430,386,38,0,4,152,0.05606481482,01-04-2026,,,00:40:44,4,0,Ok,,,,,,152,0,0.00%,Inside Tunnel
7a053fe0,46112_lll,336x500x20,8941b154,31-03-2026_lll_Chavan S.D.,Chavan S.D.,31-03-2026,lll,45,23:20:00,1103,1210,800,F2,803,30,asd961942,336,34,0,4,136,0.05743055556,01-04-2026,,,00:42:42,4,0,Ok,,,,,,136,0,0.00%,Inside Tunnel
5bd3544c,46112_lll,253x500x20,8941b154,31-03-2026_lll_Chavan S.D.,Chavan S.D.,31-03-2026,lll,45,23:20:00,1103,1210,800,F2,803,29,asd666794,253,26,0,8,208,0.05820601852,01-04-2026,,,00:43:49,8,0,Ok,,,,,,208,0,0.00%,Inside Tunnel
56f0f4ce,46112_lll,550x350x50,8941b154,31-03-2026_lll_Chavan S.D.,Chavan S.D.,31-03-2026,lll,45,23:20:00,1103,1210,800,F2,803,29,asd534811,550,32,0,1,32,0.05855324074,01-04-2026,,,00:44:19,1,0,Ok,,,,,,32,0,0.00%,Inside Tunnel
82845830,46112_lll,250x350x50,8941b154,31-03-2026_lll_Chavan S.D.,Chavan S.D.,31-03-2026,lll,45,23:20:00,1103,1210,800,F2,803,29,asd685787,250,15,0,1,15,0.05876157408,01-04-2026,,,00:44:37,1,0,Ok,,,,,,15,0,0.00%,Inside Tunnel
479e33ff,46112_lll,489x500x20,8941b154,31-03-2026_lll_Chavan S.D.,Chavan S.D.,31-03-2026,lll,46,00:20:00,,,,F2,,,asd636462,489,48,0,4,192,1.047326389,01-04-2026,,,01:28:09,4,0,Ok,,,,,,192,0,0.00%,Inside Tunnel
d267ebc1,46112_lll,436x500x20,8941b154,31-03-2026_lll_Chavan S.D.,Chavan S.D.,31-03-2026,lll,46,00:20:00,,,,F2,,,asd221530,436,43,0,7,301,1.048402778,01-04-2026,,,01:29:42,7,0,Ok,,,,,,301,0,0.00%,Inside Tunnel
c821e22b,46112_lll,386x500x20,8941b154,31-03-2026_lll_Chavan S.D.,Chavan S.D.,31-03-2026,lll,46,00:20:00,,,,F2,,,asd143430,386,38,0,3,114,1.048796296,01-04-2026,,,01:30:16,3,0,Ok,,,,,,114,0,0.00%,Inside Tunnel
6e8c3100,46112_lll,336x500x20,8941b154,31-03-2026_lll_Chavan S.D.,Chavan S.D.,31-03-2026,lll,46,00:20:00,,,,F2,,,asd961942,336,34,,3,102,1.049131944,01-04-2026,,,01:30:45,3,0,Ok,,,,,,102,0,0.00%,Inside Tunnel
269324a2,46112_lll,253x500x20,8941b154,31-03-2026_lll_Chavan S.D.,Chavan S.D.,31-03-2026,lll,46,00:20:00,,,,F2,,,5fc89043,253,26,,6,156,1.049293981,01-04-2026,,,01:30:59,6,0,Ok,,,,,,156,0,0.00%,Inside Tunnel
f668c5bc,46112_lll,550x350x50,8941b154,31-03-2026_lll_Chavan S.D.,Chavan S.D.,31-03-2026,lll,46,00:20:00,,,,F2,,,asd534811,550,32,0,1,32,1.049444444,01-04-2026,,,01:31:12,1,0,Ok,,,,,,32,0,0.00%,Inside Tunnel
7d894b20,46112_lll,250x350x50,8941b154,31-03-2026_lll_Chavan S.D.,Chavan S.D.,31-03-2026,lll,46,00:20:00,,,,F2,,,asd685787,250,15,0,0,0,1.04962963,01-04-2026,,,01:31:28,0,0,Ok,,,,,,0,0,0.00%,Inside Tunnel
4c747a64,46112_lll,489x500x20,8941b154,31-03-2026_lll_Chavan S.D.,Chavan S.D.,31-03-2026,lll,47,01:10:00,,,,F2,,,asd636462,489,48,0,3,144,1.049953704,01-04-2026,,,02:21:56,3,0,Ok,,,,,,144,0,0.00%,Inside Tunnel
b08eb1bb,46112_lll,436x500x20,8941b154,31-03-2026_lll_Chavan S.D.,Chavan S.D.,31-03-2026,lll,47,01:10:00,,,,F2,,,asd221530,436,43,0,6,258,1.050659722,01-04-2026,,,02:22:57,6,0,Ok,,,,,,258,0,0.00%,Inside Tunnel
6ec193f7,46112_lll,386x500x20,8941b154,31-03-2026_lll_Chavan S.D.,Chavan S.D.,31-03-2026,lll,47,01:10:00,,,,F2,,,asd143430,386,38,0,3,114,1.050891204,01-04-2026,,,02:23:17,3,0,Ok,,,,,,114,0,0.00%,Inside Tunnel
262bd2dc,46112_lll,336x500x20,8941b154,31-03-2026_lll_Chavan S.D.,Chavan S.D.,31-03-2026,lll,47,01:10:00,,,,F2,,,asd961942,336,34,0,3,102,1.051168981,01-04-2026,,,02:23:41,3,0,Ok,,,,,,102,0,0.00%,Inside Tunnel
4cedad9c,46112_lll,253x500x20,8941b154,31-03-2026_lll_Chavan S.D.,Chavan S.D.,31-03-2026,lll,47,01:10:00,,,,F2,,,asd666794,253,26,0,6,156,1.051342593,01-04-2026,,,02:23:56,6,0,Ok,,,,,,156,0,0.00%,Inside Tunnel
ff1aafd0,46112_lll,550x350x50,8941b154,31-03-2026_lll_Chavan S.D.,Chavan S.D.,31-03-2026,lll,47,01:10:00,,,,F2,,,asd534811,550,32,,1,32,1.051539352,01-04-2026,,,02:24:13,1,0,Ok,,,,,,32,0,0.00%,Inside Tunnel
4f3209b8,46112_lll,250x350x50,8941b154,31-03-2026_lll_Chavan S.D.,Chavan S.D.,31-03-2026,lll,47,01:10:00,,,,F2,,,asd685787,250,15,0,0,0,1.051689815,01-04-2026,,,02:24:26,0,0,Ok,,,,,,0,0,0.00%,Inside Tunnel
9aeb1cf6,46112_lll,489x500x20,8941b154,31-03-2026_lll_Chavan S.D.,Chavan S.D.,31-03-2026,lll,48,02:00:00,,,,F2,,,asd636462,489,48,0,4,192,1.05587963,01-04-2026,,,03:20:28,4,0,Ok,,,,,,192,0,0.00%,Inside Tunnel
294c0fe8,46112_lll,436x500x20,8941b154,31-03-2026_lll_Chavan S.D.,Chavan S.D.,31-03-2026,lll,48,02:00:00,,,,F2,,,asd221530,436,43,0,8,344,1.056550926,01-04-2026,,,03:21:26,8,0,Ok,,,,,,344,0,0.00%,Inside Tunnel
f9b7c97c,46112_lll,386x500x20,8941b154,31-03-2026_lll_Chavan S.D.,Chavan S.D.,31-03-2026,lll,48,02:00:00,,,,F2,,,asd143430,386,38,0,4,152,1.056770833,01-04-2026,,,03:21:45,4,0,Ok,,,,,,152,0,0.00%,Inside Tunnel
6909ebc1,46112_lll,336x500x20,8941b154,31-03-2026_lll_Chavan S.D.,Chavan S.D.,31-03-2026,lll,48,02:00:00,,,,F2,,,asd961942,336,34,0,4,136,1.056979167,01-04-2026,,,03:22:03,4,0,Ok,,,,,,136,0,0.00%,Inside Tunnel
f9d5a42c,46112_lll,253x500x20,8941b154,31-03-2026_lll_Chavan S.D.,Chavan S.D.,31-03-2026,lll,48,02:00:00,,,,F2,,,asd666794,253,26,0,8,208,1.057141204,01-04-2026,,,03:22:17,8,0,Ok,,,,,,208,0,0.00%,Inside Tunnel
a457b0f2,46112_lll,550x350x50,8941b154,31-03-2026_lll_Chavan S.D.,Chavan S.D.,31-03-2026,lll,48,02:00:00,,,,F2,,,asd534811,550,32,0,1,32,1.057361111,01-04-2026,,,03:22:36,1,0,Ok,,,,,,32,0,0.00%,Inside Tunnel
7f9a6fba,46112_lll,250x350x50,8941b154,31-03-2026_lll_Chavan S.D.,Chavan S.D.,31-03-2026,lll,48,02:00:00,,,,F2,,,asd685787,250,15,0,1,15,1.057523148,01-04-2026,,,03:22:50,1,0,Ok,,,,,,15,0,0.00%,Inside Tunnel
72f3bcfa,46112_lll,489x500x20,8941b154,31-03-2026_lll_Chavan S.D.,Chavan S.D.,31-03-2026,lll,49,02:50:00,,,,F2,,,asd636462,489,48,0,4,192,1.061967593,01-04-2026,,,04:19:14,4,0,Ok,,,,,,192,0,0.00%,Inside Tunnel
af7f7ddc,46112_lll,436x500x20,8941b154,31-03-2026_lll_Chavan S.D.,Chavan S.D.,31-03-2026,lll,49,02:50:00,,,,F2,,,asd221530,436,43,0,8,344,1.062881944,01-04-2026,,,04:20:33,8,0,Ok,,,,,,344,0,0.00%,Inside Tunnel
335ddcb5,46112_lll,386x500x20,8941b154,31-03-2026_lll_Chavan S.D.,Chavan S.D.,31-03-2026,lll,49,02:50:00,,,,F2,,,asd143430,386,38,,4,152,1.063599537,01-04-2026,,,04:21:35,4,0,Ok,,,,,,152,0,0.00%,Inside Tunnel
432fe96c,46112_lll,336x500x20,8941b154,31-03-2026_lll_Chavan S.D.,Chavan S.D.,31-03-2026,lll,49,02:50:00,,,,F2,,,asd961942,336,34,0,4,136,1.0640625,01-04-2026,,,04:22:15,4,0,Ok,,,,,,136,0,0.00%,Inside Tunnel
2f21c1ec,46112_lll,253x500x20,8941b154,31-03-2026_lll_Chavan S.D.,Chavan S.D.,31-03-2026,lll,49,02:50:00,,,,F2,,,asd666794,253,26,0,8,208,1.064259259,01-04-2026,,,04:22:32,8,0,Ok,,,,,,208,0,0.00%,Inside Tunnel
907c6a3e,46112_lll,550x350x50,8941b154,31-03-2026_lll_Chavan S.D.,Chavan S.D.,31-03-2026,lll,49,02:50:00,,,,F2,,,asd534811,550,32,0,1,32,1.0646875,01-04-2026,,,04:23:09,1,0,Ok,,,,,,32,0,0.00%,Inside Tunnel
b5b982e5,46112_lll,250x350x50,8941b154,31-03-2026_lll_Chavan S.D.,Chavan S.D.,31-03-2026,lll,49,02:50:00,,,,F2,,,asd685787,250,15,0,1,15,1.064930556,01-04-2026,,,04:23:30,1,0,Ok,,,,,,15,0,0.00%,Inside Tunnel
f5a2d4c6,46112_lll,489x500x20,8941b154,31-03-2026_lll_Chavan S.D.,Chavan S.D.,31-03-2026,lll,1,03:40:00,,,,F2,,,asd636462,489,48,0,3,144,1.063541667,01-04-2026,,,05:11:30,3,0,Ok,,,,,,144,0,0.00%,Inside Tunnel
bedf2127,46112_lll,436x500x20,8941b154,31-03-2026_lll_Chavan S.D.,Chavan S.D.,31-03-2026,lll,1,03:40:00,,,,F2,,,asd221530,436,43,0,6,258,1.064282407,01-04-2026,,,05:12:34,6,0,Ok,,,,,,258,0,0.00%,Inside Tunnel
5a356946,46112_lll,386x500x20,8941b154,31-03-2026_lll_Chavan S.D.,Chavan S.D.,31-03-2026,lll,1,03:40:00,,,,F2,,,asd143430,386,38,0,3,114,1.064525463,01-04-2026,,,05:12:55,3,0,Ok,,,,,,114,0,0.00%,Inside Tunnel
de91cc28,46112_lll,336x500x20,8941b154,31-03-2026_lll_Chavan S.D.,Chavan S.D.,31-03-2026,lll,1,03:40:00,,,,F2,,,asd961942,336,34,0,3,102,1.064965278,01-04-2026,,,05:13:33,3,0,Ok,,,,,,102,0,0.00%,Inside Tunnel
1ddcc3e7,46112_lll,253x500x20,8941b154,31-03-2026_lll_Chavan S.D.,Chavan S.D.,31-03-2026,lll,1,03:40:00,,,,F2,,,asd666794,253,26,0,6,156,1.065185185,01-04-2026,,,05:13:52,6,0,Ok,,,,,,156,0,0.00%,Inside Tunnel
2fff8237,46112_lll,550x350x50,8941b154,31-03-2026_lll_Chavan S.D.,Chavan S.D.,31-03-2026,lll,1,03:40:00,,,,F2,,,asd534811,550,32,0,1,32,1.065636574,01-04-2026,,,05:14:31,1,0,Ok,,,,,,32,0,0.00%,Inside Tunnel
38507ae9,46112_lll,250x350x50,8941b154,31-03-2026_lll_Chavan S.D.,Chavan S.D.,31-03-2026,lll,1,03:40:00,,,,F2,,,asd685787,250,15,0,1,15,1.066087963,01-04-2026,,,05:15:10,1,0,Ok,,,,,,15,0,0.00%,Inside Tunnel
4207bb71,46112_lll,489x500x20,8941b154,31-03-2026_lll_Chavan S.D.,Chavan S.D.,31-03-2026,lll,2,04:40:00,,,,F2,,,asd636462,489,48,0,4,192,1.042569444,01-04-2026,,,05:41:18,4,0,Ok,,,,,,192,0,0.00%,Inside Tunnel
6cc37fc5,46112_lll,436x500x20,8941b154,31-03-2026_lll_Chavan S.D.,Chavan S.D.,31-03-2026,lll,2,04:40:00,,,,F2,,,asd221530,436,43,0,8,344,1.043009259,01-04-2026,,,05:41:56,8,0,Ok,,,,,,344,0,0.00%,Inside Tunnel
549078a2,46112_lll,386x500x20,8941b154,31-03-2026_lll_Chavan S.D.,Chavan S.D.,31-03-2026,lll,2,04:40:00,,,,F2,,,asd143430,386,38,0,4,152,1.043275463,01-04-2026,,,05:42:19,4,0,Ok,,,,,,152,0,0.00%,Inside Tunnel
cb1351a1,46112_lll,336x500x20,8941b154,31-03-2026_lll_Chavan S.D.,Chavan S.D.,31-03-2026,lll,2,04:40:00,,,,F2,,,asd961942,336,34,0,4,136,1.044166667,01-04-2026,,,05:43:36,4,0,Ok,,,,,,136,0,0.00%,Inside Tunnel
3fa12809,46112_lll,253x500x20,8941b154,31-03-2026_lll_Chavan S.D.,Chavan S.D.,31-03-2026,lll,2,04:40:00,,,,F2,,,asd666794,253,26,0,8,208,1.044652778,01-04-2026,,,05:44:18,8,0,Ok,,,,,,208,0,0.00%,Inside Tunnel
63b5c647,46112_lll,550x350x50,8941b154,31-03-2026_lll_Chavan S.D.,Chavan S.D.,31-03-2026,lll,2,04:40:00,,,,F2,,,asd534811,550,32,0,1,32,1.044884259,01-04-2026,,,05:44:38,1,0,Ok,,,,,,32,0,0.00%,Inside Tunnel
4befcb11,46112_lll,250x350x50,8941b154,31-03-2026_lll_Chavan S.D.,Chavan S.D.,31-03-2026,lll,2,04:40:00,,,,F2,,,asd685787,250,15,0,1,15,1.04505787,01-04-2026,,,05:44:53,1,0,Ok,,,,,,15,0,0.00%,Inside Tunnel
ceddee11,46112_lll,489x500x20,8941b154,31-03-2026_lll_Chavan S.D.,Chavan S.D.,31-03-2026,lll,3,06:48:00,,1210,800,F2,,,asd636462,489,48,0,4,192,1.000648148,01-04-2026,,,06:48:56,4,0,Ok,,,,,,192,0,0.00%,Inside Tunnel
0ba83eb3,46112_lll,436x500x20,8941b154,31-03-2026_lll_Chavan S.D.,Chavan S.D.,31-03-2026,lll,3,06:48:00,,1210,800,F2,,,asd221530,436,43,0,8,344,1.001342593,01-04-2026,,,06:49:56,8,0,Ok,,,,,,344,0,0.00%,Inside Tunnel
5458c757,46112_lll,386x500x20,8941b154,31-03-2026_lll_Chavan S.D.,Chavan S.D.,31-03-2026,lll,3,06:48:00,,1210,800,F2,,,asd143430,386,38,0,3,114,1.001655093,01-04-2026,,,06:50:23,3,0,Ok,,,,,,114,0,0.00%,Inside Tunnel
ce68e312,46112_lll,336x500x20,8941b154,31-03-2026_lll_Chavan S.D.,Chavan S.D.,31-03-2026,lll,3,06:48:00,,1210,800,F2,,,asd961942,336,34,,3,102,1.002037037,01-04-2026,,,06:50:56,3,0,Ok,,,,,,102,0,0.00%,Inside Tunnel
cc5c69eb,46112_lll,253x500x20,8941b154,31-03-2026_lll_Chavan S.D.,Chavan S.D.,31-03-2026,lll,3,06:48:00,,1210,800,F2,,,asd666794,253,26,0,6,156,1.002604167,01-04-2026,,,06:51:45,6,0,Ok,,,,,,156,0,0.00%,Inside Tunnel
30eb6ffa,46112_lll,550x350x50,8941b154,31-03-2026_lll_Chavan S.D.,Chavan S.D.,31-03-2026,lll,3,06:48:00,,1210,800,F2,,,asd534811,550,32,0,1,32,1.002905093,01-04-2026,,,06:52:11,1,0,Ok,,,,,,32,0,0.00%,Inside Tunnel
d4d8c31c,46112_lll,250x350x50,8941b154,31-03-2026_lll_Chavan S.D.,Chavan S.D.,31-03-2026,lll,3,06:48:00,,1210,800,F2,,,asd685787,250,15,0,1,15,1.003101852,01-04-2026,,,06:52:28,1,0,Ok,,,,,,15,0,0.00%,Inside Tunnel
44919f64,46113_l,489x500x20,3680bb1a,01-04-2026_l_Dhumal K.V.,Dhumal K.V.,01-04-2026,l,4,07:00:00,,,,F2,,,asd636462,489,48,,2,96,0.03730324074,01-04-2026,,,07:53:43,2,0,Ok,,,,,,96,0,0.00%,Inside Tunnel
dc4f290b,46113_l,436x500x20,3680bb1a,01-04-2026_l_Dhumal K.V.,Dhumal K.V.,01-04-2026,l,4,07:00:00,,,,F2,,,asd221530,436,43,,4,172,0.05944444445,01-04-2026,,,08:25:36,4,0,Ok,,,,,,172,0,0.00%,Inside Tunnel
f09259ba,46113_l,386x500x20,3680bb1a,01-04-2026_l_Dhumal K.V.,Dhumal K.V.,01-04-2026,l,4,07:00:00,,,,F2,,,asd143430,386,38,,2,76,0.05989583334,01-04-2026,,,08:26:15,2,0,Ok,,,,,,76,0,0.00%,Inside Tunnel
73095b97,46113_l,336x500x20,3680bb1a,01-04-2026_l_Dhumal K.V.,Dhumal K.V.,01-04-2026,l,4,07:00:00,,,,F2,,,asd961942,336,34,,2,68,0.06010416667,01-04-2026,,,08:26:33,2,0,Ok,,,,,,68,0,0.00%,Inside Tunnel
217ec5c9,46113_l,253x500x20,3680bb1a,01-04-2026_l_Dhumal K.V.,Dhumal K.V.,01-04-2026,l,4,07:00:00,,,,F2,,,asd666794,253,26,,4,104,0.06050925926,01-04-2026,,,08:27:08,4,0,Ok,,,,,,104,0,0.00%,Inside Tunnel
4fbb0ff8,46113_l,550x350x50,3680bb1a,01-04-2026_l_Dhumal K.V.,Dhumal K.V.,01-04-2026,l,4,07:00:00,,,,F2,,,asd534811,550,32,,2,64,0.0607175926,01-04-2026,,,08:27:26,2,0,Ok,,,,,,64,0,0.00%,Inside Tunnel
92201874,46113_l,489x500x20,3680bb1a,01-04-2026_l_Dhumal K.V.,Dhumal K.V.,01-04-2026,l,5,07:50:00,1127,1210,800,F2,806,32,asd636462,489,48,0,3,144,0.05012731481,01-04-2026,,,09:02:11,3,0,Ok,,,,,,144,0,0.00%,Inside Tunnel
b0d4ab63,46113_l,436x500x20,3680bb1a,01-04-2026_l_Dhumal K.V.,Dhumal K.V.,01-04-2026,l,5,07:50:00,1127,1210,800,F2,806,32,asd221530,436,43,0,4,172,0.05157407407,01-04-2026,,,09:04:16,4,0,Ok,,,,,,172,0,0.00%,Inside Tunnel
30822667,46113_l,386x500x20,3680bb1a,01-04-2026_l_Dhumal K.V.,Dhumal K.V.,01-04-2026,l,5,07:50:00,1127,1210,800,F2,806,30,asd143430,386,38,0,2,76,0.0518287037,01-04-2026,,,09:04:38,2,0,Ok,,,,,,76,0,0.00%,Inside Tunnel
aea9361a,46113_l,336x500x20,3680bb1a,01-04-2026_l_Dhumal K.V.,Dhumal K.V.,01-04-2026,l,5,07:50:00,1127,1210,800,F2,806,30,asd961942,336,34,0,2,68,0.05274305555,01-04-2026,,,09:05:57,2,0,Ok,,,,,,68,0,0.00%,Inside Tunnel
87eae71e,46113_l,253x500x20,3680bb1a,01-04-2026_l_Dhumal K.V.,Dhumal K.V.,01-04-2026,l,5,07:50:00,1127,1210,800,F2,806,30,asd666794,253,26,0,4,104,0.05296296296,01-04-2026,,,09:06:16,4,0,Ok,,,,,,104,0,0.00%,Inside Tunnel
02cb9d00,46113_l,550x350x50,3680bb1a,01-04-2026_l_Dhumal K.V.,Dhumal K.V.,01-04-2026,l,5,07:50:00,1127,1210,800,F2,806,30,asd534811,550,32,0,2,64,0.05317129629,01-04-2026,,,09:06:34,2,0,Ok,,,,,,64,0,0.00%,Inside Tunnel
be353682,46113_l,489x500x20,3680bb1a,01-04-2026_l_Dhumal K.V.,Dhumal K.V.,01-04-2026,l,6,08:50:00,,,,F2,,,asd636462,489,48,,4,192,0.04831018519,01-04-2026,,,09:59:34,4,0,Ok,,,,,,192,0,0.00%,Inside Tunnel
7fd3639f,46113_l,436x500x20,3680bb1a,01-04-2026_l_Dhumal K.V.,Dhumal K.V.,01-04-2026,l,6,08:50:00,,,,F2,,,asd221530,436,43,1,7,301,0.04976851852,01-04-2026,,,10:01:40,7,0,Ok,,,,,,301,0,0.00%,Inside Tunnel
71e665e9,46113_l,386x500x20,3680bb1a,01-04-2026_l_Dhumal K.V.,Dhumal K.V.,01-04-2026,l,6,08:50:00,,,,F2,,,asd143430,386,38,,4,152,0.05023148148,01-04-2026,,,10:02:20,4,0,Ok,,,,,,152,0,0.00%,Inside Tunnel
b908953d,46113_l,336x500x20,3680bb1a,01-04-2026_l_Dhumal K.V.,Dhumal K.V.,01-04-2026,l,6,08:50:00,,,,F2,,,asd961942,336,34,,4,136,0.05050925926,01-04-2026,,,10:02:44,4,0,Ok,,,,,,136,0,0.00%,Inside Tunnel
c63212ce,46113_l,253x500x20,3680bb1a,01-04-2026_l_Dhumal K.V.,Dhumal K.V.,01-04-2026,l,6,08:50:00,,,,F2,,,asd666794,253,26,,7,182,0.05266203704,01-04-2026,,,10:05:50,7,0,Ok,,,,,,182,0,0.00%,Inside Tunnel
40a63d01,46113_l,550x350x50,3680bb1a,01-04-2026_l_Dhumal K.V.,Dhumal K.V.,01-04-2026,l,6,08:50:00,,,,F2,,,asd534811,550,32,,2,64,0.05307870371,01-04-2026,,,10:06:26,2,0,Ok,,,,,,64,0,0.00%,Inside Tunnel
3bab384b,46113_l,253x500x20,3680bb1a,01-04-2026_l_Dhumal K.V.,Dhumal K.V.,01-04-2026,l,6,08:50:00,,,,F2,,,asd666794,253,26,,2,52,0.05351851852,01-04-2026,,,10:07:04,2,0,Ok,,,,,,52,0,0.00%,Inside Tunnel